session_id,level,start_s,end_s,samples,gyro_msd_mean,accel_msd_mean,gyro_magnitude_mean
1,1,0,1,10,2.68666467e-05,3.205679e-06,1.4225
1,1,1,2,10,5.570004579999999e-05,3.205668e-06,1.4155000000000002
1,1,2,3,10,6.236654900000001e-05,0.0,1.4094000000000002
1,1,3,4,10,3.88999949e-05,0.0,1.4005
1,1,4,5,10,4.063331814e-05,0.0,1.4058
1,1,5,6,10,5.3466654399999995e-05,0.0,1.4153999999999998
1,1,6,7,10,5.546657599999999e-05,0.0,1.4255
1,1,7,8,10,7.603350200000001e-05,0.0,1.4247999999999998
1,1,8,9,10,5.8199739000000005e-05,0.0,1.4145
1,1,9,10,10,5.9099936999999994e-05,0.0,1.4281000000000001
1,1,10,11,10,1.4000035099999999e-05,0.0,1.4053999999999998
1,1,11,12,10,3.9299919e-05,0.0,1.4135
1,1,12,13,10,6.4133473e-05,0.0,1.4251
1,1,13,14,10,6.886667500000001e-05,0.0,1.4141
1,1,14,15,10,6.480007900000001e-05,3.205668e-06,1.4290999999999998
1,1,15,16,10,6.0866630999999996e-05,0.0,1.4262000000000001
1,1,16,17,10,2.7799814400000002e-05,3.205668e-06,1.4152999999999998
1,1,17,18,9,7.562957855555555e-05,0.0,1.4107777777777777
1,1,18,19,10,5.0933267999999995e-05,0.0,1.4241000000000001
1,1,19,20,10,2.156652845e-05,3.205668e-06,1.4144
1,1,20,21,10,5.996669099999999e-05,0.0,1.4105999999999999
1,1,21,22,10,6.249996350000001e-05,3.205668e-06,1.4129999999999998
1,1,22,23,10,6.159999399999999e-05,0.0,1.4068999999999998
1,1,23,24,10,5.9533455599999995e-05,3.205668e-06,1.4227
1,1,24,25,10,5.5899621e-05,0.0,1.4271999999999998
1,1,25,26,10,6.246659399999999e-05,0.0,1.4228999999999998
1,1,26,27,10,4.58999417e-05,3.205668e-06,1.4114
1,1,27,28,10,3.8500002e-05,0.0,1.4199
1,1,28,29,10,5.32332991e-05,0.0,1.4205999999999999
2,1,0,1,10,4.9400019199999996e-05,0.0,1.4284999999999999
2,1,1,2,10,4.73000382e-05,0.0,1.4297
2,1,2,3,10,5.8933402500000004e-05,3.205668e-06,1.4183999999999999
2,1,3,4,10,5.2566592000000004e-05,0.0,1.4059000000000001
2,1,4,5,10,4.869996089999999e-05,0.0,1.4243
2,1,5,6,10,8.7600019e-05,0.0,1.4324
2,1,6,7,10,6.5466688e-05,0.0,1.4349
2,1,7,8,10,5.5000059e-05,0.0,1.4166
2,1,8,9,10,7.836665900000001e-05,0.0,1.4342
2,1,9,10,10,6.7566589e-05,0.0,1.4316
2,1,10,11,10,7.690033300000001e-05,0.0,1.4274
2,1,11,12,10,8.676662900000001e-05,0.0,1.4324
2,1,12,13,10,6.9999788e-05,0.0,1.4379
2,1,13,14,10,5.3533350500000006e-05,0.0,1.4394000000000002
2,1,14,15,10,7.850019e-05,0.0,1.4327
2,1,15,16,10,4.6100153e-05,0.0,1.4324999999999999
2,1,16,17,10,6.41666547e-05,0.0,1.4187
2,1,17,18,10,7.2066725e-05,0.0,1.4295000000000002
2,1,18,19,10,7.7433523e-05,0.0,1.4338
2,1,19,20,10,5.1033385000000004e-05,0.0,1.4256
2,1,20,21,10,4.5333199000000006e-05,0.0,1.4315000000000002
2,1,21,22,10,6.313329630000002e-05,0.0,1.4263
2,1,22,23,10,5.5866752500000005e-05,0.0,1.4172999999999998
2,1,23,24,10,6.2366617e-05,0.0,1.4283
2,1,24,25,10,5.679977700000001e-05,3.205679e-06,1.4195
2,1,25,26,10,8.466670850000001e-05,0.0,1.4297999999999997
2,1,26,27,10,6.913332999999999e-05,0.0,1.4308
2,1,27,28,10,7.099985899999999e-05,3.205668e-06,1.4342
2,1,28,29,10,6.226657489999999e-05,0.0,1.4182000000000001
3,1,0,1,10,5.9066598399999995e-05,6.411358e-06,1.4118
3,1,1,2,10,6.5099916e-05,0.0,1.4309999999999998
3,1,2,3,10,7.223326999999999e-05,0.0,1.4367
3,1,3,4,10,7.9233441e-05,0.0,1.4347999999999999
3,1,4,5,10,8.683305000000002e-05,3.205668e-06,1.4397
3,1,5,6,10,4.376662329999999e-05,0.0,1.4275
3,1,6,7,10,8.4166816e-05,0.0,1.4232
3,1,7,8,10,5.2533439e-05,0.0,1.4312
3,1,8,9,10,7.356671800000001e-05,6.411336e-06,1.4252
3,1,9,10,10,6.9399964e-05,0.0,1.4161000000000001
3,1,10,11,10,4.166674430000001e-05,3.205668e-06,1.4268
3,1,11,12,10,6.853346700000001e-05,9.617004e-06,1.4221
3,1,12,13,10,5.2099917000000006e-05,6.411336e-06,1.4337
3,1,13,14,10,9.873335100000001e-05,0.0,1.4301
3,1,14,15,10,7.516678300000001e-05,0.0,1.4309999999999998
3,1,15,16,10,6.786686499999999e-05,0.0,1.4385
3,1,16,17,9,8.870375555555555e-05,3.5618533333333335e-06,1.4315555555555557
3,1,17,18,10,5.6566707699999995e-05,0.0,1.4108
3,1,18,19,10,4.8033317900000004e-05,0.0,1.4104999999999999
3,1,19,20,10,7.926679799999999e-05,0.0,1.4399000000000002
3,1,20,21,10,3.8500082e-05,0.0,1.4193
3,1,21,22,10,7.7133531e-05,0.0,1.4486000000000003
3,1,22,23,10,6.756662499999999e-05,0.0,1.4399000000000002
3,1,23,24,10,7.0933377e-05,0.0,1.4255
3,1,24,25,10,5.1366725000000006e-05,0.0,1.4378
3,1,25,26,10,6.00334e-05,0.0,1.4275
3,1,26,27,10,5.999971299999999e-05,0.0,1.4349999999999998
3,1,27,28,10,7.2166909e-05,0.0,1.4263
3,1,28,29,10,7.5866792e-05,0.0,1.4199
4,1,0,1,10,8.8466738e-05,9.617025999999999e-06,1.4233999999999998
4,1,1,2,10,6.2566779e-05,0.0,1.4136
4,1,2,3,10,7.2166713e-05,6.4113479999999996e-06,1.4135000000000002
4,1,3,4,10,5.479999599999999e-05,6.411346999999999e-06,1.4013
4,1,4,5,10,8.669996999999999e-05,1.9234028000000002e-05,1.4187999999999998
4,1,5,6,10,6.846662400000002e-05,3.205668e-06,1.4164
4,1,6,7,10,5.9300046e-05,3.205679e-06,1.4320999999999997
4,1,7,8,10,6.0933355e-05,0.0,1.4224999999999999
4,1,8,9,10,6.516668700000001e-05,3.205668e-06,1.4325999999999999
4,1,9,10,10,9.1900227e-05,0.0,1.4448
4,1,10,11,10,9.1066808e-05,0.0,1.4341
4,1,11,12,10,8.1666658e-05,0.0,1.4422
4,1,12,13,10,4.9400097e-05,0.0,1.4329999999999998
4,1,13,14,10,7.276644249999998e-05,0.0,1.4241000000000001
4,1,14,15,10,8.3733449e-05,0.0,1.4377
4,1,15,16,10,6.9700009e-05,0.0,1.4221
4,1,16,17,10,7.5533434e-05,0.0,1.4232
4,1,17,18,10,6.3500069e-05,0.0,1.4364000000000001
4,1,18,19,10,9.5866679e-05,0.0,1.4456
4,1,19,20,9,6.799997888888889e-05,0.0,1.4405555555555556
4,1,20,21,10,8.833335100000002e-05,3.205679e-06,1.4361
4,1,21,22,10,6.9933174e-05,3.205679e-06,1.4192
4,1,22,23,10,7.8866571e-05,0.0,1.4264
4,1,23,24,10,8.4600128e-05,0.0,1.4379000000000002
4,1,24,25,10,5.113338099999999e-05,0.0,1.4300000000000002
4,1,25,26,10,5.06334749e-05,0.0,1.4529
4,1,26,27,10,8.8199863e-05,0.0,1.437
4,1,27,28,10,5.1399974e-05,0.0,1.4119
4,1,28,29,10,5.02333003e-05,0.0,1.4152
5,1,0,1,10,5.780005199999999e-05,6.411336e-06,1.4064
5,1,1,2,10,6.7900057e-05,3.205668e-06,1.4080999999999997
5,1,2,3,10,6.706679899999999e-05,1.2822703e-05,1.4218
5,1,3,4,10,7.5933562e-05,3.205679e-06,1.4328999999999998
5,1,4,5,10,8.8999878e-05,0.0,1.4298
5,1,5,6,10,6.993330200000001e-05,0.0,1.4377
5,1,6,7,10,6.6399906e-05,0.0,1.4238000000000002
5,1,7,8,10,9.330002500000001e-05,3.205668e-06,1.4241
5,1,8,9,10,7.626676599999999e-05,0.0,1.4284
5,1,9,10,10,6.0733330000000006e-05,0.0,1.4395000000000002
5,1,10,11,10,5.8566635e-05,0.0,1.4459000000000002
5,1,11,12,10,5.7933235e-05,0.0,1.4304999999999999
5,1,12,13,10,4.8033434400000006e-05,0.0,1.4221
5,1,13,14,10,6.246692970000002e-05,0.0,1.4188000000000003
5,1,14,15,10,8.109987e-05,0.0,1.4354
5,1,15,16,10,0.00010366660400000002,0.0,1.4270999999999998
5,1,16,17,9,7.174082111111111e-05,0.0,1.4423333333333335
5,1,17,18,10,7.2599953e-05,3.205668e-06,1.4415
5,1,18,19,10,9.290009500000001e-05,0.0,1.4447
5,1,19,20,10,7.239988299999999e-05,0.0,1.4354
5,1,20,21,10,8.9233367e-05,0.0,1.4402
5,1,21,22,10,6.85334e-05,0.0,1.4460000000000002
5,1,22,23,10,7.8033124e-05,0.0,1.4269
5,1,23,24,10,5.7099851e-05,0.0,1.4356
5,1,24,25,10,8.876675700000001e-05,6.411336e-06,1.4453
5,1,25,26,10,6.566661499999999e-05,3.205668e-06,1.4462
5,1,26,27,10,7.8566737e-05,3.205668e-06,1.4423
5,1,27,28,10,7.259992799999999e-05,0.0,1.4512
5,1,28,29,10,7.1900007e-05,0.0,1.4455
6,2,0,1,10,1.0419242199999998,0.00442383679,4.7416
6,2,1,2,10,1.850663612,0.0049175135,11.5512
6,2,2,3,10,1.0820371100000001,0.001282270738,4.3863
6,2,3,4,10,1.485756138,0.0028915200800000004,7.0337000000000005
6,2,4,5,10,0.279405156,0.0014361442379999998,7.246300000000001
6,2,5,6,10,1.45846678,0.01156608648,6.5864
6,2,6,7,10,0.134742023,0.00079180312,5.2798
6,2,7,8,10,1.49892884,0.0028594662199999997,6.0974
6,2,8,9,10,0.9371619299999999,0.0028017637299999998,5.695
6,2,9,10,10,0.728410978,0.00284023246,8.195899999999998
6,2,10,11,10,1.7657357049999998,0.00493353826,6.7381
6,2,11,12,10,2.259208396,0.006603699503,8.773
6,2,12,13,10,1.04131975,0.0019522578700000002,8.4689
6,2,13,14,10,3.6490256899999993,0.008886140150000001,9.3177
6,2,14,15,10,2.62515676,0.007437168459999999,8.519400000000001
6,2,15,16,10,1.8901770399999998,0.00689862054,10.9708
6,2,16,17,10,1.97647117,0.00279214494,5.8406
6,2,17,18,10,1.14169064,0.005292573439999999,5.1054
6,2,18,19,10,0.8623137269000001,0.005097030010000001,8.2985
6,2,19,20,10,3.1477474400000003,0.007956492780000001,7.238400000000001
6,2,20,21,10,4.0557243199999995,0.006520359469999999,10.863499999999998
6,2,21,22,10,1.014318292,0.00594332721,10.115400000000001
6,2,22,23,10,2.5435019800000003,0.0016893934200000002,6.5661000000000005
6,2,23,24,10,3.2500895400000003,0.0060426977,9.0827
6,2,24,25,10,3.62267144,0.01037357589,10.989099999999999
6,2,25,26,10,1.767350597,0.00212536407,9.613800000000001
6,2,26,27,10,2.1809748099999995,0.0026831470870000004,6.975099999999999
6,2,27,28,10,1.8432915099999998,0.0044943601799999995,9.491399999999999
6,2,28,29,10,1.2542128000000001,0.0009520853899999999,7.154000000000001
7,2,0,1,10,5.947971440000001,0.02014448912,13.1154
7,2,1,2,10,4.01923191,0.0071903487799999995,8.9685
7,2,2,3,10,2.5739578979999997,0.011005095480000001,9.6287
7,2,3,4,10,1.2847591299999999,0.0026543032499999997,11.451799999999999
7,2,4,5,10,2.3823146680000002,0.0035422734899999996,7.625699999999999
7,2,5,6,10,0.732064352,0.005587499197,8.983
7,2,6,7,10,1.831465361,0.0016701615700000002,6.8967
7,2,7,8,10,1.550349784,0.0028370297870000004,7.772799999999999
7,2,8,9,10,0.5020805490000001,0.0008975891500000001,8.100800000000001
7,2,9,10,10,2.8929677000000003,0.00792444109,7.529300000000001
7,2,10,11,10,1.56897932,0.0023401470599999996,8.885900000000001
7,2,11,12,10,0.8322865499999998,0.0011604567400000001,7.650800000000001
7,2,12,13,10,1.26988755,0.00303257495,5.949000000000001
7,2,13,14,10,0.17800006699999998,0.00081744824,6.681699999999999
7,2,14,15,10,0.9380651999999999,0.001686190031,4.9323999999999995
7,2,15,16,10,0.263645087,0.000468030065,6.3798
7,2,16,17,10,1.0051214290000001,0.0022119252269999995,4.501100000000001
7,2,17,18,10,0.42140294999999994,0.002381825805,8.73
7,2,18,19,10,1.4528122199999998,0.0004808517710000001,4.3969000000000005
7,2,19,20,10,1.32271657,0.002157428738,7.869
7,2,20,21,10,0.2934543769,0.0011604574499999999,3.8761
7,2,21,22,10,0.8546073900000002,0.00309027719,6.2038
7,2,22,23,10,0.40662788999999994,0.0006219033670000001,5.3414
7,2,23,24,10,1.45490938,0.0038339994099999995,5.7832
7,2,24,25,10,0.0800902698,0.000644341598,6.647500000000001
7,2,25,26,10,0.9199791420000002,0.001240601137,6.111299999999999
7,2,26,27,10,0.518733649,0.001394470775,7.378699999999999
7,2,27,28,10,1.44646817,0.0011764858640000001,6.5221
7,2,28,29,10,0.21172720699999997,0.0007020441299999999,7.426
8,2,0,1,10,15.91177894,0.03861883007999999,10.0383
8,2,1,2,10,1.28101916,0.0020452199399999997,6.347799999999999
8,2,2,3,10,0.10407134,0.000891180085,5.581300000000001
8,2,3,4,10,0.630271994,0.0034076375199999995,4.7445
8,2,4,5,10,0.1392592572,0.00040712098400000004,5.2993
8,2,5,6,10,0.601485491,0.001006582978,4.5574
8,2,6,7,10,0.0920264868,0.00068601495,4.0302
8,2,7,8,10,1.186580545,0.00303898382,6.396199999999999
8,2,8,9,10,0.416067212,0.000961702481,7.9121
8,2,9,10,10,1.3099144016,0.003853223587,6.6414
8,2,10,11,10,0.237017677,0.0009488805139999999,5.4012
8,2,11,12,10,1.19284602,0.0015130831959999998,5.7031
8,2,12,13,10,0.211697956,0.0005930507269999999,8.026799999999998
8,2,13,14,10,1.8663365219999999,0.003183238058,6.3942000000000005
8,2,14,15,10,0.343993193,0.00259018762,7.923900000000001
8,2,15,16,10,1.8954248100000002,0.00237540788,5.9201
8,2,16,17,10,0.6992955719999999,0.0033499322229999995,9.176599999999999
8,2,17,18,10,0.5512736690000001,0.00051931918,3.5215000000000005
8,2,18,19,10,0.96658232,0.0026895628199999997,7.769000000000001
8,2,19,20,10,0.638855873,0.0008783551939999998,5.7612000000000005
8,2,20,21,10,1.4231899809999997,0.0042282890499999995,9.126100000000001
8,2,21,22,10,0.480965797,0.0009007958100000001,3.5256999999999996
8,2,22,23,10,0.54744847,0.00232411804,8.1011
8,2,23,24,10,0.6990268058000002,0.0007308946500000001,3.5564
8,2,24,25,10,0.56211225,0.0018785275300000005,7.978500000000001
8,2,25,26,10,0.48925421799999996,0.000471235365,2.1289
8,2,26,27,10,0.08058038199999999,0.0007308949480000001,4.2506
8,2,27,28,10,0.8684933100000001,0.0018176200900000001,4.443099999999999
8,2,28,29,10,0.12071091910000001,0.0010194058,4.6367
9,2,0,1,10,0.544554989,0.0009713217000000002,2.7602
9,2,1,2,10,0.677548875,0.0020965202200000006,6.035
9,2,2,3,10,0.64323691,0.002410674107,1.8778000000000001
9,2,3,4,10,1.56184824,0.004798901600000001,10.039
9,2,4,5,10,0.7427547749999999,0.000929646828,3.2933999999999997
9,2,5,6,10,0.797435363,0.00168298028,8.463
9,2,6,7,10,0.6012011953,0.0007597451119999999,2.819
9,2,7,8,10,1.735273205,0.0060266744,4.9216999999999995
9,2,8,9,10,0.790654199,0.0021862704900000004,5.203
9,2,9,10,10,1.4035346,0.0029652521900000004,6.0085
9,2,10,11,10,0.5998023849999999,0.0009296465399999999,6.477799999999999
9,2,11,12,10,1.2940599700000002,0.0033178782499999997,4.965300000000001
9,2,12,13,10,0.9828102449999999,0.0014714052,7.4914000000000005
9,2,13,14,10,0.550641987,0.0009072070600000001,2.8007
9,2,14,15,10,3.412984539999999,0.004189817649999999,6.763599999999999
9,2,15,16,10,0.4670426039000001,0.00133356253,7.498600000000001
9,2,16,17,10,1.18552977,0.00292357735,5.067
9,2,17,18,10,0.19911129,0.0017855627899999997,5.58
9,2,18,19,10,1.6591408600000002,0.0037827006879999994,5.976100000000001
9,2,19,20,10,0.15301734799999997,0.001256625508,7.766400000000002
9,2,20,21,10,2.229184317,0.00255813047,6.541500000000001
9,2,21,22,10,0.181012433,0.00208048619,5.417400000000001
9,2,22,23,10,0.849483165,0.001532315163,4.4824
9,2,23,24,10,0.28466238900000007,0.00238181918,9.962
9,2,24,25,10,1.7635215000000002,0.0034685448799999996,6.6762
9,2,25,26,10,0.212458258,0.0018400594300000002,5.376099999999999
9,2,26,27,10,1.035555278,0.001259831665,4.725099999999999
9,2,27,28,10,0.46190847600000007,0.00248761179,7.4963999999999995
9,2,28,29,10,1.47441547,0.0032697959700000003,4.546200000000001
10,2,0,1,10,0.7604813800000001,0.00132715035,3.6942
10,2,1,2,10,1.21427388,0.00391412892,6.1834999999999996
10,2,2,3,10,0.183979361,0.00075333362,3.5647000000000006
10,2,3,4,10,0.8246450300000001,0.0017406837750000002,6.3093
10,2,4,5,10,0.504684947,0.0005674052399999999,5.026199999999999
10,2,5,6,10,0.616168793,0.004250728800000001,8.1638
10,2,6,7,10,0.829776571,0.0028145828200000006,4.2709
10,2,7,8,10,1.707921408,0.00607476255,7.544399999999999
10,2,8,9,10,1.99175425,0.0025164561100000002,6.632599999999999
10,2,9,10,10,0.413836676,0.0012341830220000002,8.867299999999998
10,2,10,11,10,1.0781587579999998,0.0023465546749999997,4.671600000000001
10,2,11,12,10,0.42293931799999995,0.0013816457269999998,5.143300000000001
10,2,12,13,10,2.148587457,0.004568092010000001,7.1036
10,2,13,14,10,0.136316088,0.000894383028,7.613899999999999
10,2,14,15,10,0.620963846,0.0015387242620000002,5.5847
10,2,15,16,10,0.46137918199999994,0.00131753298,4.031499999999999
10,2,16,17,10,1.74029396,0.001955464525,7.7356
10,2,17,18,10,0.706073314,0.000884766995,8.2784
10,2,18,19,10,0.6174595930000001,0.00200354646,3.9202
10,2,19,20,10,0.615640665,0.00182082389,3.7553000000000005
10,2,20,21,10,1.13296407,0.0037089711100000006,4.6143
10,2,21,22,10,0.58626371,0.001173277307,5.9031
10,2,22,23,10,0.67530248,0.0015932226250000001,3.3434
10,2,23,24,10,0.689412756,0.0047796650400000005,5.8339
10,2,24,25,10,0.5293746720000001,0.001186101674,4.224
10,2,25,26,10,2.0548637899999997,0.0046033529399999995,10.1189
10,2,26,27,10,0.603739166,0.001426527107,3.1691
10,2,27,28,10,0.816066434,0.0029716653399999996,5.3527
10,2,28,29,10,0.7546603740000001,0.000618695207,4.445500000000001
11,3,0,1,10,7.5302764,0.018025536300000002,12.140800000000002
11,3,1,2,10,5.1146563,0.0030101264800000004,11.6501
11,3,2,3,10,3.5099414,0.01223927874,7.241499999999999
11,3,3,4,10,3.74855387,0.004834165989999999,11.710199999999999
11,3,4,5,10,4.71291783,0.0064434118999999995,12.013399999999999
11,3,5,6,10,4.759378610000001,0.008495045599999999,12.989
11,3,6,7,10,6.59874425,0.006090785268,9.9701
11,3,7,8,10,7.06829418,0.0114090084,12.748
11,3,8,9,10,7.2542393,0.00583432869,12.1886
11,3,9,10,10,6.7348322,0.0133420399,11.2708
11,3,10,11,10,6.0239555,0.007334578,11.6154
11,3,11,12,10,6.14177911,0.0081776776,11.1636
11,3,12,13,10,9.10309981,0.00651074435,13.876899999999997
11,3,13,14,10,5.51147294,0.011187836400000001,11.0191
11,3,14,15,10,1.3228216699999997,0.0029171710099999996,12.952000000000002
11,3,15,16,10,3.4144078299999996,0.00423471237,7.379
11,3,16,17,10,3.6847960400000006,0.0114058117,8.733099999999999
11,3,17,18,10,2.45024592,0.004635416240000001,11.427
11,3,18,19,10,2.1089572700000003,0.00679284404,9.6379
11,3,19,20,10,5.3725656,0.00400710601,10.698799999999999
11,3,20,21,10,6.306530840000001,0.0064947081399999995,10.3328
11,3,21,22,10,5.9827089,0.00569007959,12.7474
11,3,22,23,10,6.890969119999999,0.010085073699999999,11.2487
11,3,23,24,10,8.95434,0.013467052899999998,13.684700000000001
11,3,24,25,10,7.783982200000001,0.010024172000000001,12.561500000000002
11,3,25,26,10,6.119631490000001,0.01291888629,13.2811
11,3,26,27,10,10.715525,0.013479891930000001,16.820500000000003
11,3,27,28,10,9.504239470000002,0.02079202527,13.856500000000002
11,3,28,29,10,7.9301574000000015,0.0079597046,16.4858
12,3,0,1,10,16.7483171,0.03955165670000001,14.0307
12,3,1,2,10,18.3961392,0.0236386721,31.316499999999998
12,3,2,3,10,21.2689537,0.01925651652,19.485300000000002
12,3,3,4,10,15.870235600000004,0.021308153,18.493000000000002
12,3,4,5,10,35.19199907,0.0262481154,18.447499999999998
12,3,5,6,10,21.2022236,0.0360895346,20.3009
12,3,6,7,10,37.998324399999994,0.0262512807,22.538400000000003
12,3,7,8,10,19.1772089,0.0203785246,20.1049
12,3,8,9,10,22.747982300000004,0.043856896,16.927100000000003
12,3,9,10,10,11.8810721,0.0246805264,16.494300000000003
12,3,10,11,10,24.90080088,0.0290017898,21.218000000000004
12,3,11,12,10,31.025337200000006,0.0273989347,24.4003
12,3,12,13,10,35.996470099999996,0.0259083049,24.2277
12,3,13,14,9,18.24011411111111,0.05576101111111112,23.670333333333332
12,3,14,15,10,22.1160289,0.031168811500000004,22.630699999999997
12,3,15,16,10,34.352401199999996,0.047226056,21.414099999999998
12,3,16,17,10,27.7971472,0.0398850857,23.5134
12,3,17,18,10,55.771058499999995,0.0336179645,22.4591
12,3,18,19,10,17.258156500000002,0.023571345559999998,15.7048
12,3,19,20,10,32.1481752,0.028049694500000007,22.762100000000004
12,3,20,21,10,19.418490690000002,0.066880097,24.3857
12,3,21,22,10,12.4287158,0.029726273999999997,24.4106
12,3,22,23,10,27.5633691,0.0633794691,23.335
12,3,23,24,10,30.405017799999996,0.0455687399,19.5397
12,3,24,25,10,29.0270875,0.035913225099999994,22.716299999999997
12,3,25,26,9,43.127008,0.060056629,26.394999999999996
12,3,26,27,10,43.67684,0.086909179,35.4536
12,3,27,28,10,34.3648387,0.081629401,29.369600000000002
12,3,28,29,10,22.63381196,0.023523272899999996,20.860599999999998
13,3,0,1,10,15.5817686,0.022523107300000005,18.0825
13,3,1,2,10,14.763986599999999,0.013066345499999998,17.5974
13,3,2,3,10,14.424327400000001,0.0206958568,16.8805
13,3,3,4,10,49.70543429999999,0.04699849469999999,30.5005
13,3,4,5,10,21.049710400000002,0.061552251999999995,32.5287
13,3,5,6,10,17.615386899999997,0.021785789799999997,23.8202
13,3,6,7,10,19.5647519,0.024231739000000002,20.0
13,3,7,8,10,20.811717399999996,0.026014082100000002,21.109199999999998
13,3,8,9,10,23.220058700000003,0.0376507026,24.396
13,3,9,10,10,12.435274799999998,0.048562831,27.227300000000003
13,3,10,11,10,12.574653300000001,0.018314054000000003,18.393
13,3,11,12,10,27.3045027,0.034153308199999996,25.137600000000003
13,3,12,13,9,15.68534277777778,0.056430631111111115,27.80933333333333
13,3,13,14,10,19.631614000000003,0.053326478,27.098399999999998
13,3,14,15,10,29.199393200000003,0.1036908902,28.8185
13,3,15,16,10,36.8680275,0.077843507,30.795000000000005
13,3,16,17,10,34.622687,0.067893087,28.926300000000005
13,3,17,18,10,25.0496263,0.098895227,25.3354
13,3,18,19,10,18.2373745,0.0483480604,26.7776
13,3,19,20,10,17.2630963,0.0472420807,19.792099999999998
13,3,20,21,10,18.8810659,0.0353586502,20.694
13,3,21,22,10,13.7804655,0.058478018,27.9075
13,3,22,23,10,25.8387679,0.07056661770000001,26.940199999999997
13,3,23,24,9,21.815340333333335,0.04287061666666667,23.24466666666667
13,3,24,25,10,18.681729999999998,0.045783522300000004,18.4959
13,3,25,26,10,25.835186,0.050672177,24.309600000000003
13,3,26,27,10,19.624796,0.04774540000000001,23.1648
13,3,27,28,10,30.365076799999997,0.04428327089999999,25.8308
13,3,28,29,10,18.491211,0.027520756299999997,20.7264
14,3,0,1,10,12.2917071,0.022446169,13.733
14,3,1,2,10,15.457038799999998,0.019077012900000002,18.9882
14,3,2,3,10,12.2987708,0.017483773299999998,15.128899999999998
14,3,3,4,10,6.2203389,0.014778170299999999,9.8401
14,3,4,5,10,8.4646727,0.014672395999999999,15.001900000000001
14,3,5,6,10,8.247036099999999,0.008950260168,16.593899999999998
14,3,6,7,10,8.8892668,0.020586853699999998,11.936
14,3,7,8,10,7.8366005,0.00629915581,12.2464
14,3,8,9,10,10.5859845,0.02116069958,12.128499999999999
14,3,9,10,10,13.0979297,0.022433339599999998,14.5887
14,3,10,11,10,15.882337099999997,0.020070763300000002,16.451600000000003
14,3,11,12,10,14.2606526,0.021878763899999994,16.386699999999998
14,3,12,13,10,9.0740836,0.012296986900000001,19.024499999999996
14,3,13,14,9,9.942566000000001,0.012163765422222222,14.065333333333335
14,3,14,15,10,14.3579179,0.0301718527,16.137900000000002
14,3,15,16,10,14.3964137,0.0214684362,14.548300000000001
14,3,16,17,10,10.669922699999999,0.017477368479999998,14.554100000000002
14,3,17,18,10,9.02877,0.024459323749999998,13.150199999999998
14,3,18,19,10,12.7836382,0.020993997199999996,15.584999999999997
14,3,19,20,10,7.795340899999999,0.01025176794,16.5237
14,3,20,21,10,8.7148283,0.0102485539,15.427900000000003
14,3,21,22,10,11.4919592,0.01123591116,16.671499999999998
14,3,22,23,10,13.410241199999998,0.029136414099999997,15.244900000000001
14,3,23,24,10,9.053205700000001,0.011392981399999998,13.5274
14,3,24,25,10,10.0054326,0.011989231530000002,12.475999999999999
14,3,25,26,10,12.706959199999998,0.019304601890000002,15.291900000000002
14,3,26,27,9,8.871659777777777,0.020334689111111113,12.179222222222222
14,3,27,28,10,9.9641803,0.0152750659,13.0422
14,3,28,29,10,10.6862334,0.024283012099999994,14.1881
15,3,0,1,10,11.161084900000002,0.014688440999999997,11.6153
15,3,1,2,10,11.8719069,0.022818036500000003,18.4498
15,3,2,3,10,7.9415425,0.010690949299999999,17.1639
15,3,3,4,10,9.323501799999999,0.011165392,14.854
15,3,4,5,10,7.1783794,0.00999210062,11.596599999999999
15,3,5,6,10,6.5736711,0.00856878341,11.6258
15,3,6,7,10,10.108380299999999,0.025921120400000004,14.870600000000001
15,3,7,8,10,7.913919899999999,0.012325844360000001,14.922200000000004
15,3,8,9,10,8.5460986,0.020272726999999997,14.843100000000002
15,3,9,10,10,9.2207191,0.0109185474,17.3024
15,3,10,11,10,8.852065999999999,0.01727539359,13.607800000000001
15,3,11,12,10,8.746024299999998,0.0107294077,16.3397
15,3,12,13,10,9.7998395,0.0087675206,12.636299999999999
15,3,13,14,10,10.558014600000002,0.015390455899999999,14.524700000000001
15,3,14,15,10,7.6071455,0.01058834277,11.510699999999998
15,3,15,16,9,8.051160777777778,0.013909074288888887,11.900777777777778
15,3,16,17,10,9.8649339,0.01706381,17.9257
15,3,17,18,10,15.3415573,0.024109907300000004,16.001600000000003
15,3,18,19,10,7.927910299999999,0.014563411299999999,12.4417
15,3,19,20,10,10.247446899999998,0.02081768245,13.325800000000001
15,3,20,21,10,10.3851813,0.0169195745,13.939599999999999
15,3,21,22,10,10.281364,0.011405807559999998,13.5502
15,3,22,23,10,10.172993700000001,0.016034820159999998,14.2032
15,3,23,24,10,7.584866700000001,0.00899512823,11.8
15,3,24,25,10,9.0656918,0.015605243605,12.490100000000002
15,3,25,26,10,8.531561299999998,0.015242997820000001,12.4999
15,3,26,27,10,8.389696,0.01699970107,12.4949
15,3,27,28,10,10.8957297,0.014675605550000002,14.9529
15,3,28,29,10,8.6327104,0.01577834985,14.414900000000003
16,4,0,1,10,86.9044068,0.200444704,24.807899999999997
16,4,1,2,10,91.31827519999999,0.148814048,21.6317
16,4,2,3,10,63.620138999999995,0.1214824125,24.260399999999997
16,4,3,4,10,53.025883199999996,0.10066792449999999,20.3309
16,4,4,5,10,87.789688,0.08619427099999999,25.280399999999997
16,4,5,6,10,87.23988669999999,0.069056747,23.4602
16,4,6,7,10,56.2437183,0.055967935,20.451
16,4,7,8,10,42.239756899999996,0.0677936617,19.728899999999996
16,4,8,9,10,57.3628834,0.069630548,21.489600000000003
16,4,9,10,10,78.835761,0.083071967,21.8107
16,4,10,11,9,64.50714333333333,0.049452937111111116,19.227999999999998
16,4,11,12,10,42.6278426,0.037272461699999995,17.895400000000002
16,4,12,13,10,60.6919253,0.0324703145,26.4837
16,4,13,14,10,41.7079,0.049813041999999995,16.9601
16,4,14,15,10,41.980498,0.042029662700000005,16.531399999999998
16,4,15,16,10,39.73352140000001,0.0242093053,16.8179
16,4,16,17,10,30.8875336,0.037185886900000006,19.2651
16,4,17,18,10,44.2510916,0.0395773454,18.381
16,4,18,19,10,42.2614023,0.04581236179999999,16.6906
16,4,19,20,10,46.494269,0.06301404129999999,21.7265
16,4,20,21,10,40.1739648,0.0369871304,18.8998
16,4,21,22,9,54.66761411111111,0.050403944888888885,21.892666666666667
16,4,22,23,10,56.3119632,0.05993335200000001,21.336
16,4,23,24,10,63.12861,0.0443762191,22.1482
16,4,24,25,10,45.299249,0.049210364599999994,19.8849
16,4,25,26,10,44.090894299999995,0.033460894680000006,21.9506
16,4,26,27,10,68.74041,0.06795398300000001,20.9494
16,4,27,28,10,40.892479,0.0362562447,21.0423
16,4,28,29,10,59.10841800000001,0.061456084999999994,22.9533
17,4,0,1,10,40.453723100000005,0.0455366484,16.793300000000002
17,4,1,2,10,41.5988866,0.031152793,25.320100000000004
17,4,2,3,10,49.098153,0.0263859454,20.148300000000003
17,4,3,4,10,31.127464999999994,0.0208529459,20.8772
17,4,4,5,10,59.159198,0.03550611690000001,23.0551
17,4,5,6,10,70.494023,0.0461200936,26.881999999999998
17,4,6,7,10,47.149513,0.044446720499999995,24.5589
17,4,7,8,10,46.38226300000001,0.0384521022,18.830600000000004
17,4,8,9,10,35.403407300000005,0.024565126200000002,25.206200000000003
17,4,9,10,10,63.899097000000005,0.10038267000000001,22.9085
17,4,10,11,9,79.09523333333333,0.11880961822222222,29.03977777777778
17,4,11,12,10,77.7902975,0.0656266662,25.2945
17,4,12,13,10,43.633762000000004,0.06764947000000002,22.745300000000004
17,4,13,14,10,50.224492,0.058689604799999996,18.941
17,4,14,15,10,43.792178,0.05582691759999999,24.095999999999997
17,4,15,16,10,76.22365800000001,0.04916551179999999,21.782500000000002
17,4,16,17,10,40.601884,0.0693741367,23.3271
17,4,17,18,10,61.05825900000001,0.044680767,21.723599999999998
17,4,18,19,10,51.61743200000001,0.0583337274,23.0
17,4,19,20,10,68.878154,0.0741249174,25.2744
17,4,20,21,10,55.744739,0.07014989099999999,21.3834
17,4,21,22,9,60.265013333333336,0.07544742444444445,23.808222222222224
17,4,22,23,10,60.415981,0.064629693,28.049599999999998
17,4,23,24,10,90.59694549999999,0.0798245789,24.5303
17,4,24,25,10,63.58967199999999,0.062170947,31.7825
17,4,25,26,10,73.378917,0.0661684058,22.4572
17,4,26,27,10,55.738127,0.0631647015,27.752100000000002
17,4,27,28,10,61.387502000000005,0.0578528932,21.800800000000002
17,4,28,29,10,47.179134,0.0386797366,24.7246
18,4,0,1,10,25.55693389,0.051053650000000006,18.1601
18,4,1,2,10,54.80767899999999,0.0438600846,20.7271
18,4,2,3,10,47.628735999999996,0.0429625517,26.330800000000004
18,4,3,4,10,81.30977500000002,0.05085811180000001,23.935
18,4,4,5,10,49.272808999999995,0.028290144,22.8486
18,4,5,6,10,50.462973,0.044597412600000004,21.5079
18,4,6,7,10,62.875515500000006,0.052239749599999996,21.555799999999998
18,4,7,8,10,47.7444712,0.046972846,25.0716
18,4,8,9,10,79.298488,0.0552530812,23.331799999999998
18,4,9,10,10,46.7303679,0.038926570050000005,27.900300000000005
18,4,10,11,10,91.95620299999999,0.0400325423,22.203699999999998
18,4,11,12,9,58.912898888888876,0.033096875,30.575555555555557
18,4,12,13,10,88.607569,0.0601545505,24.6983
18,4,13,14,10,93.031354,0.0731984802,34.855700000000006
18,4,14,15,10,83.5771499,0.0330409637,21.8024
18,4,15,16,10,41.162990099999995,0.0425329465,22.0409
18,4,16,17,10,42.32255979999999,0.05707067179999999,20.2792
18,4,17,18,10,52.214052,0.0431420141,17.8641
18,4,18,19,10,40.5934155,0.059503814,20.098
18,4,19,20,10,49.3714585,0.038836814000000004,21.04
18,4,20,21,10,35.4956615,0.024709366000000003,18.4827
18,4,21,22,10,23.541728300000003,0.0352496613,17.3193
18,4,22,23,9,60.96156477777778,0.030201030222222227,16.10022222222222
18,4,23,24,10,127.49405999999999,0.035676020600000004,30.1089
18,4,24,25,10,87.6579235,0.053230308799999994,33.9945
18,4,25,26,10,119.83133600000001,0.08815619410000002,27.610599999999998
18,4,26,27,10,152.078069,0.0495790225,32.285399999999996
18,4,27,28,10,129.888131,0.087191289,42.6818
18,4,28,29,10,189.056424,0.0827962621,36.5955
19,4,0,1,10,41.0646403,0.0457899206,15.399700000000001
19,4,1,2,10,62.23773100000001,0.0722912414,21.107599999999998
19,4,2,3,10,46.791614700000004,0.039830571999999995,21.6741
19,4,3,4,10,58.25750860000001,0.039997254999999995,21.034299999999998
19,4,4,5,10,60.59763740000001,0.04057749919999999,21.1596
19,4,5,6,10,56.832997,0.039917092700000004,18.6931
19,4,6,7,10,58.2577855,0.046536830268,18.732400000000002
19,4,7,8,10,49.9162462,0.045078273399999993,18.4183
19,4,8,9,10,42.0764316,0.0402921895,18.0738
19,4,9,10,10,40.41343500000001,0.0361664928,18.334700000000005
19,4,10,11,10,53.467850999999996,0.033181954599999994,21.487699999999997
19,4,11,12,9,54.30917888888889,0.02969169944444445,16.564444444444444
19,4,12,13,10,43.3825517,0.0380449896,19.4917
19,4,13,14,10,50.418998699999996,0.047187595,20.676300000000005
19,4,14,15,10,50.2035808,0.036086318799999996,20.4795
19,4,15,16,10,55.71934160000001,0.039250305,18.714399999999998
19,4,16,17,10,39.782694000000006,0.0408435565,15.099799999999998
19,4,17,18,10,44.3328079,0.0245555036,18.6649
19,4,18,19,10,38.550298,0.029668569100000004,21.644099999999998
19,4,19,20,10,74.682076,0.0216094831,22.2689
19,4,20,21,10,47.5605354,0.019006476099999996,20.4445
19,4,21,22,10,50.3081682,0.0312489605,23.5382
19,4,22,23,9,71.826693,0.05696137,20.03944444444444
19,4,23,24,10,46.401921,0.042661165699999996,20.8863
19,4,24,25,10,43.0896858,0.0314861506,21.124599999999997
19,4,25,26,10,103.473199,0.0436324892,26.538
19,4,26,27,10,96.14562700000002,0.03587473070000001,25.2206
19,4,27,28,10,58.69897100000001,0.030030786900000002,24.565199999999997
19,4,28,29,10,61.89633100000001,0.0226128668,25.157799999999998
20,4,0,1,10,27.577486194999995,0.0457835114,22.3277
20,4,1,2,10,77.326431,0.03693905938,26.0351
20,4,2,3,10,50.203367,0.039375344599999994,25.583000000000006
20,4,3,4,10,67.551199,0.0526372784,25.867399999999996
20,4,4,5,10,41.541036999999996,0.0395933323,25.386699999999998
20,4,5,6,10,96.52841709999998,0.038573941,25.124100000000002
20,4,6,7,10,46.97811999999999,0.025808925,27.5151
20,4,7,8,10,75.13378630000001,0.037788545500000006,22.945599999999995
20,4,8,9,10,77.25591299999999,0.0324062055,26.996000000000002
20,4,9,10,10,51.964797999999995,0.0257993235,24.0434
20,4,10,11,10,49.075012400000006,0.048642978,19.588699999999996
20,4,11,12,9,54.883132222222216,0.044982830888888894,25.93488888888889
20,4,12,13,10,58.87904000000001,0.0431356305,20.9748
20,4,13,14,10,49.310294,0.046610566799999996,24.6583
20,4,14,15,10,65.655489,0.0564199683,21.419199999999996
20,4,15,16,10,49.971340000000005,0.0426996633,25.9945
20,4,16,17,10,56.36736499999999,0.035095782,19.768400000000003
20,4,17,18,10,59.389634799999996,0.0615201849,23.586499999999997
20,4,18,19,10,67.089552,0.048912288000000005,26.267100000000006
20,4,19,20,10,56.498027,0.0480659848,21.5404
20,4,20,21,10,65.96031500000001,0.045469336900000004,26.786800000000007
20,4,21,22,9,71.57579222222222,0.06133533666666667,20.64988888888889
20,4,22,23,10,52.887331999999994,0.053307242,24.637
20,4,23,24,10,49.664411,0.0440876978,17.7867
20,4,24,25,10,52.94057499999999,0.046222705999999995,22.4527
20,4,25,26,10,48.422438,0.059257009299999996,21.0413
20,4,26,27,10,67.36061199999999,0.0525442901,23.9642
20,4,27,28,10,66.79217099999998,0.05429458229999999,26.644
20,4,28,29,10,69.25769,0.057945888000000015,20.5897
