session_id,level,start_s,end_s,samples,accel_magnitude_mps2_mean,accel_magnitude_mps2_max,gyro_magnitude_dps_mean,gyro_magnitude_dps_max,accel_msd_mean,accel_msd_max,gyro_msd_mean,gyro_msd_max
1,1,0,1,10,10.042,10.042,1.4225,1.443,3.205679e-06,3.205679e-05,2.68666467e-05,8.533241e-05
1,1,1,2,10,10.044999999999998,10.052,1.4155000000000002,1.425,3.205668e-06,3.205668e-05,5.570004579999999e-05,0.0001830006
1,1,2,3,10,10.051999999999998,10.052,1.4094000000000002,1.425,0.0,0.0,6.236654900000001e-05,0.0001539995
1,1,3,4,10,10.051999999999998,10.052,1.4005,1.405,0.0,0.0,3.88999949e-05,0.0001496668
1,1,4,5,10,10.051999999999998,10.052,1.4058,1.418,0.0,0.0,4.063331814e-05,0.0001673334
1,1,5,6,10,10.051999999999998,10.052,1.4153999999999998,1.435,0.0,0.0,5.3466654399999995e-05,0.0001846676
1,1,6,7,10,10.051999999999998,10.052,1.4255,1.44,0.0,0.0,5.546657599999999e-05,0.000115333
1,1,7,8,10,10.051999999999998,10.052,1.4247999999999998,1.434,0.0,0.0,7.603350200000001e-05,0.0001646663
1,1,8,9,10,10.051999999999998,10.052,1.4145,1.429,0.0,0.0,5.8199739000000005e-05,0.0001229991
1,1,9,10,10,10.051999999999998,10.052,1.4281000000000001,1.447,0.0,0.0,5.9099936999999994e-05,0.0001326669
1,1,10,11,10,10.051999999999998,10.052,1.4053999999999998,1.414,0.0,0.0,1.4000035099999999e-05,9.666684e-05
1,1,11,12,10,10.051999999999998,10.052,1.4135,1.425,0.0,0.0,3.9299919e-05,9.66662e-05
1,1,12,13,10,10.051999999999998,10.052,1.4251,1.436,0.0,0.0,6.4133473e-05,0.0001366672
1,1,13,14,10,10.051999999999998,10.052,1.4141,1.431,0.0,0.0,6.886667500000001e-05,0.0001486666
1,1,14,15,10,10.049000000000001,10.052,1.4290999999999998,1.447,3.205668e-06,3.205668e-05,6.480007900000001e-05,0.0001610003
1,1,15,16,10,10.042,10.042,1.4262000000000001,1.442,0.0,0.0,6.0866630999999996e-05,0.0001420001
1,1,16,17,10,10.050999999999998,10.052,1.4152999999999998,1.431,3.205668e-06,3.205668e-05,2.7799814400000002e-05,9.933326e-05
1,1,17,18,9,10.052,10.052,1.4107777777777777,1.427,0.0,0.0,7.562957855555555e-05,0.0002256665
1,1,18,19,10,10.051999999999998,10.052,1.4241000000000001,1.443,0.0,0.0,5.0933267999999995e-05,0.000134667
1,1,19,20,10,10.049000000000001,10.052,1.4144,1.432,3.205668e-06,3.205668e-05,2.156652845e-05,9.666684e-05
1,1,20,21,10,10.042,10.042,1.4105999999999999,1.421,0.0,0.0,5.996669099999999e-05,0.0001526663
1,1,21,22,10,10.035999999999998,10.042,1.4129999999999998,1.422,3.205668e-06,3.205668e-05,6.249996350000001e-05,0.000123333
1,1,22,23,10,10.032,10.032,1.4068999999999998,1.419,0.0,0.0,6.159999399999999e-05,0.0002296662
1,1,23,24,10,10.042,10.042,1.4227,1.438,3.205668e-06,3.205668e-05,5.9533455599999995e-05,9.400002e-05
1,1,24,25,10,10.042,10.042,1.4271999999999998,1.436,0.0,0.0,5.5899621e-05,0.0001246662
1,1,25,26,10,10.042,10.042,1.4228999999999998,1.44,0.0,0.0,6.246659399999999e-05,0.0002030003
1,1,26,27,10,10.047999999999998,10.052,1.4114,1.429,3.205668e-06,3.205668e-05,4.58999417e-05,0.0001126662
1,1,27,28,10,10.051999999999998,10.052,1.4199,1.44,0.0,0.0,3.8500002e-05,0.0001296668
1,1,28,29,10,10.051999999999998,10.052,1.4205999999999999,1.435,0.0,0.0,5.32332991e-05,0.0001233329
2,1,0,1,10,10.042,10.042,1.4284999999999999,1.446,0.0,0.0,4.9400019199999996e-05,0.0001103337
2,1,1,2,10,10.042,10.042,1.4297,1.451,0.0,0.0,4.73000382e-05,0.000152667
2,1,2,3,10,10.044999999999998,10.052,1.4183999999999999,1.433,3.205668e-06,3.205668e-05,5.8933402500000004e-05,0.0001006668
2,1,3,4,10,10.051999999999998,10.052,1.4059000000000001,1.419,0.0,0.0,5.2566592000000004e-05,0.0001443328
2,1,4,5,10,10.051999999999998,10.052,1.4243,1.446,0.0,0.0,4.869996089999999e-05,0.0001566673
2,1,5,6,10,10.051999999999998,10.052,1.4324,1.447,0.0,0.0,8.7600019e-05,0.0001820006
2,1,6,7,10,10.051999999999998,10.052,1.4349,1.449,0.0,0.0,6.5466688e-05,0.0001363331
2,1,7,8,10,10.051999999999998,10.052,1.4166,1.432,0.0,0.0,5.5000059e-05,0.0001066658
2,1,8,9,10,10.051999999999998,10.052,1.4342,1.447,0.0,0.0,7.836665900000001e-05,0.0001466665
2,1,9,10,10,10.051999999999998,10.052,1.4316,1.446,0.0,0.0,6.7566589e-05,0.0001096662
2,1,10,11,10,10.051999999999998,10.052,1.4274,1.438,0.0,0.0,7.690033300000001e-05,0.0001446673
2,1,11,12,10,10.051999999999998,10.052,1.4324,1.44,0.0,0.0,8.676662900000001e-05,0.0001376669
2,1,12,13,10,10.051999999999998,10.052,1.4379,1.448,0.0,0.0,6.9999788e-05,0.0001286662
2,1,13,14,10,10.051999999999998,10.052,1.4394000000000002,1.458,0.0,0.0,5.3533350500000006e-05,0.0001820003
2,1,14,15,10,10.051999999999998,10.052,1.4327,1.444,0.0,0.0,7.850019e-05,0.0001616665
2,1,15,16,10,10.051999999999998,10.052,1.4324999999999999,1.446,0.0,0.0,4.6100153e-05,0.0001496663
2,1,16,17,10,10.051999999999998,10.052,1.4187,1.435,0.0,0.0,6.41666547e-05,0.0001380001
2,1,17,18,10,10.051999999999998,10.052,1.4295000000000002,1.439,0.0,0.0,7.2066725e-05,0.0001636672
2,1,18,19,10,10.051999999999998,10.052,1.4338,1.453,0.0,0.0,7.7433523e-05,0.0001536668
2,1,19,20,10,10.051999999999998,10.052,1.4256,1.444,0.0,0.0,5.1033385000000004e-05,9.533302e-05
2,1,20,21,10,10.051999999999998,10.052,1.4315000000000002,1.449,0.0,0.0,4.5333199000000006e-05,0.0001366663
2,1,21,22,10,10.051999999999998,10.052,1.4263,1.444,0.0,0.0,6.313329630000002e-05,0.0001620008
2,1,22,23,10,10.051999999999998,10.052,1.4172999999999998,1.429,0.0,0.0,5.5866752500000005e-05,0.0001510003
2,1,23,24,10,10.051999999999998,10.052,1.4283,1.443,0.0,0.0,6.2366617e-05,0.0001263339
2,1,24,25,10,10.051999999999998,10.052,1.4195,1.432,3.205679e-06,3.205679e-05,5.679977700000001e-05,0.0001286666
2,1,25,26,10,10.051999999999998,10.052,1.4297999999999997,1.446,0.0,0.0,8.466670850000001e-05,0.0001656664
2,1,26,27,10,10.051999999999998,10.052,1.4308,1.448,0.0,0.0,6.913332999999999e-05,0.0001339997
2,1,27,28,10,10.042,10.042,1.4342,1.445,3.205668e-06,3.205668e-05,7.099985899999999e-05,0.0001446672
2,1,28,29,10,10.042,10.042,1.4182000000000001,1.438,0.0,0.0,6.226657489999999e-05,0.0001830006
3,1,0,1,10,10.042,10.042,1.4118,1.43,6.411358e-06,3.205679e-05,5.9066598399999995e-05,0.0001899992
3,1,1,2,10,10.042,10.042,1.4309999999999998,1.444,0.0,0.0,6.5099916e-05,0.0001796672
3,1,2,3,10,10.042,10.042,1.4367,1.451,0.0,0.0,7.223326999999999e-05,0.0001936665
3,1,3,4,10,10.042,10.042,1.4347999999999999,1.452,0.0,0.0,7.9233441e-05,0.0001673341
3,1,4,5,10,10.047999999999998,10.052,1.4397,1.448,3.205668e-06,3.205668e-05,8.683305000000002e-05,0.0001876659
3,1,5,6,10,10.051999999999998,10.052,1.4275,1.442,0.0,0.0,4.376662329999999e-05,0.000139
3,1,6,7,10,10.051999999999998,10.052,1.4232,1.443,0.0,0.0,8.4166816e-05,0.000144667
3,1,7,8,10,10.051999999999998,10.052,1.4312,1.45,0.0,0.0,5.2533439e-05,0.0001406674
3,1,8,9,10,10.047,10.052,1.4252,1.449,6.411336e-06,3.205668e-05,7.356671800000001e-05,0.000118
3,1,9,10,10,10.032,10.032,1.4161000000000001,1.441,0.0,0.0,6.9399964e-05,0.0001699995
3,1,10,11,10,10.031099999999999,10.032,1.4268,1.441,3.205668e-06,3.205668e-05,4.166674430000001e-05,0.0001519995
3,1,11,12,10,10.009,10.013,1.4221,1.437,9.617004e-06,3.205668e-05,6.853346700000001e-05,0.0001236673
3,1,12,13,10,10.0255,10.032,1.4337,1.447,6.411336e-06,3.205668e-05,5.2099917000000006e-05,8.700017e-05
3,1,13,14,10,10.032,10.032,1.4301,1.452,0.0,0.0,9.873335100000001e-05,0.0001530005
3,1,14,15,10,10.032,10.032,1.4309999999999998,1.444,0.0,0.0,7.516678300000001e-05,0.000127
3,1,15,16,10,10.032,10.032,1.4385,1.452,0.0,0.0,6.786686499999999e-05,0.0001859999
3,1,16,17,9,10.037555555555555,10.042,1.4315555555555557,1.455,3.5618533333333335e-06,3.205668e-05,8.870375555555555e-05,0.0002160006
3,1,17,18,10,10.042,10.042,1.4108,1.428,0.0,0.0,5.6566707699999995e-05,0.0001796667
3,1,18,19,10,10.042,10.042,1.4104999999999999,1.429,0.0,0.0,4.8033317900000004e-05,0.0001616676
3,1,19,20,10,10.042,10.042,1.4399000000000002,1.46,0.0,0.0,7.926679799999999e-05,0.0001433344
3,1,20,21,10,10.042,10.042,1.4193,1.439,0.0,0.0,3.8500082e-05,9.10003e-05
3,1,21,22,10,10.042,10.042,1.4486000000000003,1.464,0.0,0.0,7.7133531e-05,0.0002406678
3,1,22,23,10,10.042,10.042,1.4399000000000002,1.453,0.0,0.0,6.756662499999999e-05,0.0001876666
3,1,23,24,10,10.042,10.042,1.4255,1.442,0.0,0.0,7.0933377e-05,0.0001300002
3,1,24,25,10,10.042,10.042,1.4378,1.456,0.0,0.0,5.1366725000000006e-05,0.0001070004
3,1,25,26,10,10.042,10.042,1.4275,1.442,0.0,0.0,6.00334e-05,0.0001066668
3,1,26,27,10,10.042,10.042,1.4349999999999998,1.452,0.0,0.0,5.999971299999999e-05,0.0001306661
3,1,27,28,10,10.042,10.042,1.4263,1.442,0.0,0.0,7.2166909e-05,0.0001380001
3,1,28,29,10,10.042,10.042,1.4199,1.429,0.0,0.0,7.5866792e-05,0.0001353332
4,1,0,1,10,10.050999999999998,10.052,1.4233999999999998,1.443,9.617025999999999e-06,3.205679e-05,8.8466738e-05,0.000145667
4,1,1,2,10,10.051999999999998,10.052,1.4136,1.439,0.0,0.0,6.2566779e-05,0.0001183339
4,1,2,3,10,10.053999999999998,10.062,1.4135000000000002,1.43,6.4113479999999996e-06,6.411348e-05,7.2166713e-05,0.0001326664
4,1,3,4,10,10.058999999999997,10.062,1.4013,1.404,6.411346999999999e-06,3.205679e-05,5.479999599999999e-05,0.000126
4,1,4,5,10,10.056000000000001,10.072,1.4187999999999998,1.435,1.9234028000000002e-05,0.0001282267,8.669996999999999e-05,0.0001529995
4,1,5,6,10,10.062,10.062,1.4164,1.448,3.205668e-06,3.205668e-05,6.846662400000002e-05,0.0001609996
4,1,6,7,10,10.062,10.062,1.4320999999999997,1.453,3.205679e-06,3.205679e-05,5.9300046e-05,0.000131667
4,1,7,8,10,10.062,10.062,1.4224999999999999,1.439,0.0,0.0,6.0933355e-05,0.0001263336
4,1,8,9,10,10.057999999999998,10.062,1.4325999999999999,1.448,3.205668e-06,3.205668e-05,6.516668700000001e-05,0.0001983338
4,1,9,10,10,10.051999999999998,10.052,1.4448,1.454,0.0,0.0,9.1900227e-05,0.000173667
4,1,10,11,10,10.051999999999998,10.052,1.4341,1.444,0.0,0.0,9.1066808e-05,0.0001526669
4,1,11,12,10,10.051999999999998,10.052,1.4422,1.455,0.0,0.0,8.1666658e-05,0.0001723331
4,1,12,13,10,10.051999999999998,10.052,1.4329999999999998,1.447,0.0,0.0,4.9400097e-05,0.0001400001
4,1,13,14,10,10.051999999999998,10.052,1.4241000000000001,1.439,0.0,0.0,7.276644249999998e-05,0.0001443333
4,1,14,15,10,10.051999999999998,10.052,1.4377,1.456,0.0,0.0,8.3733449e-05,0.0001560006
4,1,15,16,10,10.051999999999998,10.052,1.4221,1.452,0.0,0.0,6.9700009e-05,0.0001256666
4,1,16,17,10,10.051999999999998,10.052,1.4232,1.441,0.0,0.0,7.5533434e-05,0.0001776666
4,1,17,18,10,10.051999999999998,10.052,1.4364000000000001,1.449,0.0,0.0,6.3500069e-05,0.0001246668
4,1,18,19,10,10.051999999999998,10.052,1.4456,1.462,0.0,0.0,9.5866679e-05,0.0001526663
4,1,19,20,9,10.052,10.052,1.4405555555555556,1.451,0.0,0.0,6.799997888888889e-05,0.0001136664
4,1,20,21,10,10.051999999999998,10.052,1.4361,1.45,3.205679e-06,3.205679e-05,8.833335100000002e-05,0.0001166662
4,1,21,22,10,10.051999999999998,10.052,1.4192,1.433,3.205679e-06,3.205679e-05,6.9933174e-05,0.0001616666
4,1,22,23,10,10.051999999999998,10.052,1.4264,1.445,0.0,0.0,7.8866571e-05,0.0001216664
4,1,23,24,10,10.051999999999998,10.052,1.4379000000000002,1.453,0.0,0.0,8.4600128e-05,0.000159
4,1,24,25,10,10.051999999999998,10.052,1.4300000000000002,1.445,0.0,0.0,5.113338099999999e-05,0.0001236673
4,1,25,26,10,10.051999999999998,10.052,1.4529,1.47,0.0,0.0,5.06334749e-05,0.0001190003
4,1,26,27,10,10.051999999999998,10.052,1.437,1.45,0.0,0.0,8.8199863e-05,0.000148666
4,1,27,28,10,10.051999999999998,10.052,1.4119,1.427,0.0,0.0,5.1399974e-05,0.0001663333
4,1,28,29,10,10.051999999999998,10.052,1.4152,1.44,0.0,0.0,5.02333003e-05,0.0001186666
5,1,0,1,10,10.056999999999999,10.062,1.4064,1.416,6.411336e-06,3.205668e-05,5.780005199999999e-05,0.000104667
5,1,1,2,10,10.056999999999999,10.062,1.4080999999999997,1.42,3.205668e-06,3.205668e-05,6.7900057e-05,0.000137667
5,1,2,3,10,10.048,10.052,1.4218,1.433,1.2822703e-05,6.411346e-05,6.706679899999999e-05,0.0001626661
5,1,3,4,10,10.042,10.042,1.4328999999999998,1.449,3.205679e-06,3.205679e-05,7.5933562e-05,0.0001636672
5,1,4,5,10,10.042,10.042,1.4298,1.451,0.0,0.0,8.8999878e-05,0.0001819991
5,1,5,6,10,10.042,10.042,1.4377,1.455,0.0,0.0,6.993330200000001e-05,0.0001923333
5,1,6,7,10,10.042,10.042,1.4238000000000002,1.443,0.0,0.0,6.6399906e-05,0.0001396659
5,1,7,8,10,10.050999999999998,10.052,1.4241,1.435,3.205668e-06,3.205668e-05,9.330002500000001e-05,0.0001699999
5,1,8,9,10,10.051999999999998,10.052,1.4284,1.439,0.0,0.0,7.626676599999999e-05,0.0001296665
5,1,9,10,10,10.051999999999998,10.052,1.4395000000000002,1.456,0.0,0.0,6.0733330000000006e-05,0.0001433338
5,1,10,11,10,10.051999999999998,10.052,1.4459000000000002,1.463,0.0,0.0,5.8566635e-05,0.0001310002
5,1,11,12,10,10.051999999999998,10.052,1.4304999999999999,1.457,0.0,0.0,5.7933235e-05,0.000119
5,1,12,13,10,10.051999999999998,10.052,1.4221,1.437,0.0,0.0,4.8033434400000006e-05,0.0001056669
5,1,13,14,10,10.051999999999998,10.052,1.4188000000000003,1.429,0.0,0.0,6.246692970000002e-05,0.0002090003
5,1,14,15,10,10.051999999999998,10.052,1.4354,1.454,0.0,0.0,8.109987e-05,0.0001499998
5,1,15,16,10,10.051999999999998,10.052,1.4270999999999998,1.448,0.0,0.0,0.00010366660400000002,0.0001793332
5,1,16,17,9,10.052,10.052,1.4423333333333335,1.46,0.0,0.0,7.174082111111111e-05,0.0001416663
5,1,17,18,10,10.044,10.052,1.4415,1.459,3.205668e-06,3.205668e-05,7.2599953e-05,0.000156666
5,1,18,19,10,10.042,10.042,1.4447,1.461,0.0,0.0,9.290009500000001e-05,0.0001560004
5,1,19,20,10,10.042,10.042,1.4354,1.45,0.0,0.0,7.239988299999999e-05,0.0001216668
5,1,20,21,10,10.042,10.042,1.4402,1.452,0.0,0.0,8.9233367e-05,0.0001636669
5,1,21,22,10,10.042,10.042,1.4460000000000002,1.455,0.0,0.0,6.85334e-05,0.0001686668
5,1,22,23,10,10.042,10.042,1.4269,1.442,0.0,0.0,7.8033124e-05,0.0001689993
5,1,23,24,10,10.042,10.042,1.4356,1.45,0.0,0.0,5.7099851e-05,0.0001126669
5,1,24,25,10,10.026000000000002,10.032,1.4453,1.461,6.411336e-06,3.205668e-05,8.876675700000001e-05,0.0001603337
5,1,25,26,10,10.028,10.032,1.4462,1.454,3.205668e-06,3.205668e-05,6.566661499999999e-05,0.0001779993
5,1,26,27,10,10.042,10.042,1.4423,1.453,3.205668e-06,3.205668e-05,7.8566737e-05,0.0001526666
5,1,27,28,10,10.042,10.042,1.4512,1.463,0.0,0.0,7.259992799999999e-05,0.0001529998
5,1,28,29,10,10.042,10.042,1.4455,1.457,0.0,0.0,7.1900007e-05,0.0001380002
6,2,0,1,10,9.936699999999998,9.996,4.7416,7.636,0.00442383679,0.02401054,1.0419242199999998,2.31849
6,2,1,2,10,9.9625,10.005,11.5512,14.164,0.0049175135,0.01208543,1.850663612,6.938884
6,2,2,3,10,9.9539,9.969,4.3863,6.816,0.001282270738,0.004295613,1.0820371100000001,2.303732
6,2,3,4,10,9.950599999999998,9.993,7.0337000000000005,9.83,0.0028915200800000004,0.005802278,1.485756138,4.242578
6,2,4,5,10,9.955500000000002,9.996,7.246300000000001,8.768,0.0014361442379999998,0.003910933,0.279405156,1.675374
6,2,5,6,10,9.9774,10.014,6.5864,12.528,0.01156608648,0.05581082,1.45846678,3.63968
6,2,6,7,10,9.9687,9.99,5.2798,7.024,0.00079180312,0.001731072,0.134742023,0.2855486
6,2,7,8,10,9.9251,9.984,6.0974,8.723,0.0028594662199999997,0.01173279,1.49892884,5.016921
6,2,8,9,10,9.940299999999999,10.001,5.695,8.536,0.0028017637299999998,0.01721447,0.9371619299999999,2.751081
6,2,9,10,10,9.969,9.998,8.195899999999998,10.719,0.00284023246,0.01250214,0.728410978,1.491505
6,2,10,11,10,9.935699999999999,10.011,6.7381,9.909,0.00493353826,0.02622245,1.7657357049999998,3.726843
6,2,11,12,10,9.9411,9.985,8.773,14.095,0.006603699503,0.04132119,2.259208396,7.027526
6,2,12,13,10,9.9852,10.108,8.4689,10.476,0.0019522578700000002,0.00490469,1.04131975,3.572898
6,2,13,14,10,9.9209,10.001,9.3177,12.929,0.008886140150000001,0.05209229,3.6490256899999993,10.46871
6,2,14,15,10,9.928799999999999,9.985,8.519400000000001,13.98,0.007437168459999999,0.04430242,2.62515676,7.692857
6,2,15,16,10,9.9499,10.01,10.9708,16.463,0.00689862054,0.03317879,1.8901770399999998,8.451078
6,2,16,17,10,9.935799999999999,9.988,5.8406,8.301,0.00279214494,0.005802267,1.97647117,8.614443
6,2,17,18,10,9.9657,10.002,5.1054,9.526,0.005292573439999999,0.03106303,1.14169064,3.489363
6,2,18,19,10,9.9591,10.005,8.2985,15.085,0.005097030010000001,0.03978247,0.8623137269000001,2.20689
6,2,19,20,10,9.9227,10.016,7.238400000000001,11.421,0.007956492780000001,0.04789284,3.1477474400000003,10.37817
6,2,20,21,10,9.9417,10.01,10.863499999999998,16.469,0.006520359469999999,0.0293,4.0557243199999995,13.0611
6,2,21,22,10,9.9683,10.038,10.115400000000001,14.861,0.00594332721,0.03526247,1.014318292,1.819323
6,2,22,23,10,9.946,9.965,6.5661000000000005,11.07,0.0016893934200000002,0.003878879,2.5435019800000003,8.374845
6,2,23,24,10,9.9557,10.01,9.0827,15.848,0.0060426977,0.03760255,3.2500895400000003,10.44692
6,2,24,25,10,9.9606,10.066,10.989099999999999,15.802,0.01037357589,0.07090961,3.62267144,9.479012
6,2,25,26,10,9.961099999999998,10.064,9.613800000000001,12.47,0.00212536407,0.005898448,1.767350597,5.248312
6,2,26,27,10,9.905600000000002,10.011,6.975099999999999,14.251,0.0026831470870000004,0.01404083,2.1809748099999995,5.869828
6,2,27,28,10,9.949300000000001,10.034,9.491399999999999,13.305,0.0044943601799999995,0.01814413,1.8432915099999998,7.976419
6,2,28,29,10,9.929800000000002,9.962,7.154000000000001,11.105,0.0009520853899999999,0.002628655,1.2542128000000001,5.604153
7,2,0,1,10,9.864300000000002,10.071,13.1154,18.328,0.02014448912,0.1177446,5.947971440000001,26.50046
7,2,1,2,10,9.910000000000002,10.0,8.9685,18.167,0.0071903487799999995,0.01699017,4.01923191,8.726736
7,2,2,3,10,9.923,10.086,9.6287,13.176,0.011005095480000001,0.05366308,2.5739578979999997,7.501066
7,2,3,4,10,9.9655,10.005,11.451799999999999,15.004,0.0026543032499999997,0.006860163,1.2847591299999999,3.405582
7,2,4,5,10,9.9382,9.98,7.625699999999999,15.722,0.0035422734899999996,0.01541931,2.3823146680000002,7.734801
7,2,5,6,10,9.9556,9.995,8.983,12.291,0.005587499197,0.02622246,0.732064352,3.664395
7,2,6,7,10,9.9514,10.013,6.8967,10.103,0.0016701615700000002,0.002917184,1.831465361,6.734781
7,2,7,8,10,9.961,10.023,7.772799999999999,11.651,0.0028370297870000004,0.01910583,1.550349784,3.987143
7,2,8,9,10,9.981,10.004,8.100800000000001,12.882,0.0008975891500000001,0.003237731,0.5020805490000001,0.8879818
7,2,9,10,10,9.9226,10.003,7.529300000000001,12.583,0.00792444109,0.03901312,2.8929677000000003,8.645968
7,2,10,11,10,9.9699,10.037,8.885900000000001,11.858,0.0023401470599999996,0.01336766,1.56897932,4.906878
7,2,11,12,10,9.9733,10.009,7.650800000000001,10.912,0.0011604567400000001,0.003013354,0.8322865499999998,2.036031
7,2,12,13,10,9.955899999999998,10.015,5.949000000000001,10.75,0.00303257495,0.01035434,1.26988755,3.851213
7,2,13,14,10,9.9907,10.029,6.681699999999999,9.023,0.00081744824,0.003526251,0.17800006699999998,0.492222
7,2,14,15,10,9.9659,10.013,4.9323999999999995,10.872,0.001686190031,0.006828087,0.9380651999999999,2.75465
7,2,15,16,10,9.995800000000001,10.042,6.3798,9.188,0.000468030065,0.0008334769,0.263645087,0.5150139
7,2,16,17,10,9.9701,10.0,4.501100000000001,9.983,0.0022119252269999995,0.01112374,1.0051214290000001,2.42768
7,2,17,18,10,10.008,10.039,8.73,12.624,0.002381825805,0.01670166,0.42140294999999994,0.6695712
7,2,18,19,10,9.963399999999998,9.974,4.3969000000000005,7.654,0.0004808517710000001,0.001186103,1.4528122199999998,4.494972
7,2,19,20,10,9.9732,10.014,7.869,11.669,0.002157428738,0.009296492,1.32271657,4.425884
7,2,20,21,10,9.9546,9.973,3.8761,5.423,0.0011604574499999999,0.004680293,0.2934543769,1.03235
7,2,21,22,10,9.9628,10.044,6.2038,9.006,0.00309027719,0.01054667,0.8546073900000002,3.829708
7,2,22,23,10,9.987100000000002,10.005,5.3414,8.621,0.0006219033670000001,0.002243975,0.40662788999999994,0.9955894
7,2,23,24,10,9.951,10.023,5.7832,11.314,0.0038339994099999995,0.02583783,1.45490938,3.725372
7,2,24,25,10,9.9635,9.976,6.647500000000001,8.144,0.000644341598,0.001859295,0.0800902698,0.229726
7,2,25,26,10,9.939699999999998,9.982,6.111299999999999,10.817,0.001240601137,0.004904733,0.9199791420000002,1.915129
7,2,26,27,10,9.9968,10.022,7.378699999999999,11.838,0.001394470775,0.005898444,0.518733649,1.049658
7,2,27,28,10,9.956700000000001,10.021,6.5221,12.733,0.0011764858640000001,0.00452001,1.44646817,3.254398
7,2,28,29,10,9.958499999999999,9.979,7.426,10.712,0.0007020441299999999,0.00160284,0.21172720699999997,0.7315877
8,2,0,1,10,9.8107,9.979,10.0383,32.94,0.03861883007999999,0.1378763,15.91177894,78.47056
8,2,1,2,10,9.887899999999998,9.944,6.347799999999999,11.263,0.0020452199399999997,0.005289361,1.28101916,3.536149
8,2,2,3,10,9.9423,9.96,5.581300000000001,6.424,0.000891180085,0.001602857,0.10407134,0.3378603
8,2,3,4,10,9.9193,9.952,4.7445,7.745,0.0034076375199999995,0.01686189,0.630271994,1.460593
8,2,4,5,10,9.9402,9.964,5.2993,5.999,0.00040712098400000004,0.0008334738,0.1392592572,0.8006029
8,2,5,6,10,9.9479,9.968,4.5574,7.505,0.001006582978,0.003333897,0.601485491,1.953245
8,2,6,7,10,9.9638,9.987,4.0302,5.518,0.00068601495,0.002147803,0.0920264868,0.2488656
8,2,7,8,10,9.922999999999998,9.96,6.396199999999999,9.447,0.00303898382,0.01365619,1.186580545,3.587033
8,2,8,9,10,9.9698,10.019,7.9121,9.648,0.000961702481,0.001955462,0.416067212,1.409837
8,2,9,10,10,9.9879,10.037,6.6414,10.862,0.003853223587,0.01875321,1.3099144016,5.279964
8,2,10,11,10,9.9819,10.039,5.4012,7.8,0.0009488805139999999,0.002756875,0.237017677,0.6443937
8,2,11,12,10,9.9798,10.044,5.7031,9.632,0.0015130831959999998,0.004712334,1.19284602,3.582475
8,2,12,13,10,9.965699999999998,9.988,8.026799999999998,11.341,0.0005930507269999999,0.0009617005,0.211697956,0.3884808
8,2,13,14,10,9.947399999999998,9.971,6.3942000000000005,13.337,0.003183238058,0.0120854,1.8663365219999999,4.119302
8,2,14,15,10,9.980599999999999,10.029,7.923900000000001,11.578,0.00259018762,0.01493845,0.343993193,1.283672
8,2,15,16,10,9.959,10.005,5.9201,8.599,0.00237540788,0.005064975,1.8954248100000002,4.795321
8,2,16,17,10,9.976500000000001,10.018,9.176599999999999,10.668,0.0033499322229999995,0.01339973,0.6992955719999999,3.181284
8,2,17,18,10,9.9681,9.997,3.5215000000000005,5.543,0.00051931918,0.002211917,0.5512736690000001,1.60755
8,2,18,19,10,9.975800000000001,10.035,7.769000000000001,10.919,0.0026895628199999997,0.01391263,0.96658232,2.889488
8,2,19,20,10,9.9588,9.989,5.7612000000000005,8.184,0.0008783551939999998,0.002179854,0.638855873,1.81874
8,2,20,21,10,9.9511,10.001,9.126100000000001,13.836,0.0042282890499999995,0.02211916,1.4231899809999997,5.408281
8,2,21,22,10,9.958299999999998,9.981,3.5256999999999996,5.887,0.0009007958100000001,0.003430082,0.480965797,1.211608
8,2,22,23,10,9.9485,10.003,8.1011,9.227,0.00232411804,0.01121988,0.54744847,1.789786
8,2,23,24,10,9.9429,9.975,3.5564,5.234,0.0007308946500000001,0.001602836,0.6990268058000002,2.512068
8,2,24,25,10,9.945900000000002,9.981,7.978500000000001,10.961,0.0018785275300000005,0.006219014,0.56211225,2.262303
8,2,25,26,10,9.944399999999998,9.973,2.1289,4.688,0.000471235365,0.001186102,0.48925421799999996,1.303082
8,2,26,27,10,9.9513,10.004,4.2506,5.384,0.0007308949480000001,0.00189135,0.08058038199999999,0.2218897
8,2,27,28,10,9.9308,10.024,4.443099999999999,7.577,0.0018176200900000001,0.005802283,0.8684933100000001,2.22069
8,2,28,29,10,9.9545,9.974,4.6367,6.319,0.0010194058,0.002756887,0.12071091910000001,0.2805806
9,2,0,1,10,9.9338,10.005,2.7602,4.867,0.0009713217000000002,0.00256455,0.544554989,2.92683
9,2,1,2,10,9.9922,10.027,6.035,8.501,0.0020965202200000006,0.009777373,0.677548875,2.290022
9,2,2,3,10,9.984,10.067,1.8778000000000001,3.085,0.002410674107,0.01343179,0.64323691,2.92106
9,2,3,4,10,9.953599999999998,10.028,10.039,12.092,0.004798901600000001,0.010162,1.56184824,5.053469
9,2,4,5,10,9.9184,9.997,3.2933999999999997,6.687,0.000929646828,0.004135329,0.7427547749999999,2.185892
9,2,5,6,10,9.973500000000001,10.002,8.463,10.979,0.00168298028,0.01019405,0.797435363,2.843529
9,2,6,7,10,9.943000000000001,9.979,2.819,4.785,0.0007597451119999999,0.002115747,0.6012011953,2.122357
9,2,7,8,10,9.939,10.03,4.9216999999999995,7.034,0.0060266744,0.02394639,1.735273205,6.33285
9,2,8,9,10,9.9118,9.963,5.203,6.259,0.0021862704900000004,0.006058722,0.790654199,4.573859
9,2,9,10,10,9.977,10.028,6.0085,9.343,0.0029652521900000004,0.008014191,1.4035346,3.147948
9,2,10,11,10,9.9672,9.983,6.477799999999999,9.454,0.0009296465399999999,0.002308087,0.5998023849999999,2.1747
9,2,11,12,10,9.8881,9.925,4.965300000000001,9.608,0.0033178782499999997,0.009136184,1.2940599700000002,4.071582
9,2,12,13,10,9.972,10.006,7.4914000000000005,9.917,0.0014714052,0.00400709,0.9828102449999999,2.048726
9,2,13,14,10,9.9812,10.004,2.8007,4.252,0.0009072070600000001,0.001795174,0.550641987,1.589132
9,2,14,15,10,9.9664,10.092,6.763599999999999,9.338,0.004189817649999999,0.02086894,3.412984539999999,10.4124
9,2,15,16,10,9.9751,9.995,7.498600000000001,8.596,0.00133356253,0.003237741,0.4670426039000001,1.671974
9,2,16,17,10,9.9707,10.034,5.067,9.972,0.00292357735,0.0103864,1.18552977,3.34061
9,2,17,18,10,9.9693,10.013,5.58,7.741,0.0017855627899999997,0.002660705,0.19911129,0.4170977
9,2,18,19,10,9.9503,10.046,5.976100000000001,9.948,0.0037827006879999994,0.01916994,1.6591408600000002,5.11283
9,2,19,20,10,9.968499999999999,10.003,7.766400000000002,8.335,0.001256625508,0.004936748,0.15301734799999997,0.5616301
9,2,20,21,10,9.9405,10.001,6.541500000000001,11.239,0.00255813047,0.00884767,2.229184317,3.812827
9,2,21,22,10,9.9863,10.013,5.417400000000001,6.485,0.00208048619,0.005449656,0.181012433,0.299879
9,2,22,23,10,9.9267,9.97,4.4824,6.146,0.001532315163,0.004167383,0.849483165,3.232702
9,2,23,24,10,9.957400000000002,9.991,9.962,11.5,0.00238181918,0.005545828,0.28466238900000007,0.8036991
9,2,24,25,10,9.974300000000001,9.997,6.6762,10.658,0.0034685448799999996,0.007180722,1.7635215000000002,4.460446
9,2,25,26,10,9.9496,9.974,5.376099999999999,6.145,0.0018400594300000002,0.004519992,0.212458258,0.5075349
9,2,26,27,10,9.9442,9.986,4.725099999999999,6.662,0.001259831665,0.003526246,1.035555278,2.927116
9,2,27,28,10,9.985899999999999,10.023,7.4963999999999995,9.359,0.00248761179,0.00788601,0.46190847600000007,0.8023135
9,2,28,29,10,9.9882,10.011,4.546200000000001,6.931,0.0032697959700000003,0.0103864,1.47441547,3.735414
10,2,0,1,10,9.9877,10.035,3.6942,5.451,0.00132715035,0.002885107,0.7604813800000001,2.017145
10,2,1,2,10,9.953999999999999,10.061,6.1834999999999996,10.597,0.00391412892,0.01907375,1.21427388,3.965552
10,2,2,3,10,9.9687,10.004,3.5647000000000006,5.102,0.00075333362,0.001987516,0.183979361,0.424127
10,2,3,4,10,9.978299999999999,10.035,6.3093,9.592,0.0017406837750000002,0.008655333,0.8246450300000001,2.362285
10,2,4,5,10,9.9279,9.979,5.026199999999999,6.693,0.0005674052399999999,0.002179865,0.504684947,1.209599
10,2,5,6,10,9.9478,9.998,8.1638,10.474,0.004250728800000001,0.01455378,0.616168793,1.880177
10,2,6,7,10,9.873099999999999,9.931,4.2709,9.237,0.0028145828200000006,0.01554752,0.829776571,2.422853
10,2,7,8,10,9.976899999999999,10.036,7.544399999999999,11.647,0.00607476255,0.01702217,1.707921408,6.579716
10,2,8,9,10,9.9417,10.047,6.632599999999999,11.519,0.0025164561100000002,0.00503292,1.99175425,3.715164
10,2,9,10,10,9.9605,10.013,8.867299999999998,10.491,0.0012341830220000002,0.003237725,0.413836676,0.8662818
10,2,10,11,10,9.9112,9.991,4.671600000000001,11.954,0.0023465546749999997,0.01198922,1.0781587579999998,4.116173
10,2,11,12,10,9.9294,9.956,5.143300000000001,9.246,0.0013816457269999998,0.002372201,0.42293931799999995,1.143121
10,2,12,13,10,9.9202,9.978,7.1036,10.933,0.004568092010000001,0.01365618,2.148587457,6.203959
10,2,13,14,10,9.9483,9.96,7.613899999999999,9.467,0.000894383028,0.004423822,0.136316088,0.2486177
10,2,14,15,10,9.921899999999999,9.996,5.5847,9.34,0.0015387242620000002,0.007020434,0.620963846,1.694519
10,2,15,16,10,9.9413,10.028,4.031499999999999,7.558,0.00131753298,0.002436322,0.46137918199999994,1.932126
10,2,16,17,10,9.9496,10.023,7.7356,11.914,0.001955464525,0.01121987,1.74029396,4.200738
10,2,17,18,10,9.985400000000002,10.052,8.2784,10.279,0.000884766995,0.002500432,0.706073314,1.625044
10,2,18,19,10,9.9376,10.014,3.9202,7.822,0.00200354646,0.005674039,0.6174595930000001,1.151234
10,2,19,20,10,9.967000000000002,10.049,3.7553000000000005,9.304,0.00182082389,0.005481714,0.615640665,2.283243
10,2,20,21,10,9.922699999999999,9.995,4.6143,9.867,0.0037089711100000006,0.01904175,1.13296407,2.085358
10,2,21,22,10,9.9715,10.037,5.9031,8.837,0.001173277307,0.004680281,0.58626371,1.347285
10,2,22,23,10,9.9553,9.991,3.3434,5.163,0.0015932226250000001,0.003654478,0.67530248,1.281504
10,2,23,24,10,9.968099999999998,10.052,5.8339,7.343,0.0047796650400000005,0.010162,0.689412756,2.271249
10,2,24,25,10,9.922900000000002,9.97,4.224,5.853,0.001186101674,0.003526253,0.5293746720000001,1.910542
10,2,25,26,10,9.9598,10.032,10.1189,15.488,0.0046033529399999995,0.01583604,2.0548637899999997,6.064713
10,2,26,27,10,9.9545,9.971,3.1691,4.194,0.001426527107,0.002724823,0.603739166,3.274037
10,2,27,28,10,9.9372,10.014,5.3527,7.972,0.0029716653399999996,0.007757741,0.816066434,2.050063
10,2,28,29,10,9.9466,9.997,4.445500000000001,6.175,0.000618695207,0.001827235,0.7546603740000001,2.666036
11,3,0,1,10,9.918899999999999,10.1,12.140800000000002,20.183,0.018025536300000002,0.05917684,7.5302764,11.33511
11,3,1,2,10,9.9725,10.065,11.6501,19.954,0.0030101264800000004,0.007084527,5.1146563,9.55144
11,3,2,3,10,9.923499999999999,10.123,7.241499999999999,9.9,0.01223927874,0.05225252,3.5099414,7.36934
11,3,3,4,10,9.975800000000001,10.105,11.710199999999999,16.995,0.004834165989999999,0.02054837,3.74855387,10.48285
11,3,4,5,10,9.976600000000001,10.07,12.013399999999999,15.963,0.0064434118999999995,0.01442554,4.71291783,11.75993
11,3,5,6,10,10.003,10.132,12.989,20.438,0.008495045599999999,0.02779324,4.759378610000001,13.54494
11,3,6,7,10,9.9552,10.142,9.9701,15.647,0.006090785268,0.01695802,6.59874425,13.51271
11,3,7,8,10,9.981300000000001,10.117,12.748,21.704,0.0114090084,0.04699524,7.06829418,15.2599
11,3,8,9,10,9.972399999999999,10.108,12.1886,22.252,0.00583432869,0.01394467,7.2542393,18.96642
11,3,9,10,10,9.854199999999999,10.047,11.2708,17.409,0.0133420399,0.08959877,6.7348322,15.58035
11,3,10,11,10,9.9368,10.12,11.6154,18.463,0.007334578,0.02189473,6.0239555,14.33342
11,3,11,12,10,9.943200000000001,10.132,11.1636,16.86,0.0081776776,0.03991064,6.14177911,27.42775
11,3,12,13,10,10.018400000000002,10.208,13.876899999999997,22.13,0.00651074435,0.01785572,9.10309981,22.63183
11,3,13,14,10,9.9319,10.171,11.0191,16.965,0.011187836400000001,0.04221889,5.51147294,11.40227
11,3,14,15,10,10.0174,10.179,12.952000000000002,16.382,0.0029171710099999996,0.005738166,1.3228216699999997,3.84657
11,3,15,16,10,9.9947,10.048,7.379,11.888,0.00423471237,0.01198925,3.4144078299999996,7.80664
11,3,16,17,10,9.927499999999998,10.148,8.733099999999999,13.655,0.0114058117,0.03045401,3.6847960400000006,7.864959
11,3,17,18,10,9.9714,10.147,11.427,15.492,0.004635416240000001,0.01275867,2.45024592,6.078744
11,3,18,19,10,9.986,10.149,9.6379,15.48,0.00679284404,0.0162208,2.1089572700000003,4.003311
11,3,19,20,10,9.986500000000001,10.159,10.698799999999999,16.705,0.00400710601,0.02106139,5.3725656,13.36572
11,3,20,21,10,9.934899999999999,10.118,10.3328,14.619,0.0064947081399999995,0.02160622,6.306530840000001,14.56561
11,3,21,22,10,9.9372,10.202,12.7474,20.754,0.00569007959,0.03337109,5.9827089,11.64808
11,3,22,23,10,9.9586,10.021,11.2487,16.338,0.010085073699999999,0.0321209,6.890969119999999,22.02275
11,3,23,24,10,9.9931,10.275,13.684700000000001,19.908,0.013467052899999998,0.05622761,8.95434,19.67826
11,3,24,25,10,9.939699999999998,10.219,12.561500000000002,22.872,0.010024172000000001,0.03208893,7.783982200000001,18.39431
11,3,25,26,10,9.9922,10.238,13.2811,21.411,0.01291888629,0.0428279,6.119631490000001,10.56459
11,3,26,27,10,10.0005,10.244,16.820500000000003,27.502,0.013479891930000001,0.03365958,10.715525,23.8536
11,3,27,28,10,10.0108,10.272,13.856500000000002,21.481,0.02079202527,0.05651613,9.504239470000002,22.45092
11,3,28,29,10,9.9488,10.167,16.4858,28.591,0.0079597046,0.01596426,7.9301574000000015,15.36833
12,3,0,1,10,9.8729,10.128,14.0307,21.133,0.03955165670000001,0.1423322,16.7483171,32.22738
12,3,1,2,10,9.8568,10.029,31.316499999999998,38.174,0.0236386721,0.06799242,18.3961392,80.2482
12,3,2,3,10,9.989099999999999,10.212,19.485300000000002,31.293,0.01925651652,0.08568767,21.2689537,55.2169
12,3,3,4,10,9.918000000000001,10.118,18.493000000000002,31.737,0.021308153,0.03439691,15.870235600000004,53.21567
12,3,4,5,10,9.985499999999998,10.267,18.447499999999998,24.37,0.0262481154,0.06395333,35.19199907,202.0464
12,3,5,6,10,9.907,10.22,20.3009,48.296,0.0360895346,0.08017416,21.2022236,57.59953
12,3,6,7,10,9.8713,10.015,22.538400000000003,36.243,0.0262512807,0.06209401,37.998324399999994,95.51778
12,3,7,8,10,9.844399999999998,10.308,20.1049,31.082,0.0203785246,0.07966118,19.1772089,45.44565
12,3,8,9,10,9.854000000000001,10.128,16.927100000000003,25.284,0.043856896,0.09828615,22.747982300000004,60.35165
12,3,9,10,10,9.7893,10.04,16.494300000000003,23.158,0.0246805264,0.07934063,11.8810721,41.18325
12,3,10,11,10,9.8736,10.084,21.218000000000004,26.847,0.0290017898,0.07940466,24.90080088,141.6499
12,3,11,12,10,9.8353,10.147,24.4003,38.098,0.0273989347,0.05712531,31.025337200000006,133.9225
12,3,12,13,10,9.9087,10.24,24.2277,44.673,0.0259083049,0.06366483,35.996470099999996,93.45921
12,3,13,14,9,9.898333333333333,10.065,23.670333333333332,28.72,0.05576101111111112,0.1064606,18.24011411111111,42.64066
12,3,14,15,10,9.848799999999999,10.098,22.630699999999997,43.628,0.031168811500000004,0.08770748,22.1160289,73.62399
12,3,15,16,10,9.979,10.24,21.414099999999998,37.401,0.047226056,0.1866347,34.352401199999996,140.0176
12,3,16,17,10,9.785,10.218,23.5134,32.191,0.0398850857,0.09738863,27.7971472,92.7424
12,3,17,18,10,9.9111,10.228,22.4591,37.01,0.0336179645,0.09379818,55.771058499999995,231.4556
12,3,18,19,10,9.8154,10.268,15.7048,30.47,0.023571345559999998,0.06815265,17.258156500000002,36.32253
12,3,19,20,10,9.905,10.304,22.762100000000004,33.354,0.028049694500000007,0.075013,32.1481752,107.7525
12,3,20,21,10,9.810500000000001,10.175,24.3857,33.043,0.066880097,0.1690996,19.418490690000002,52.73577
12,3,21,22,10,9.944199999999999,10.218,24.4106,38.224,0.029726273999999997,0.06776815,12.4287158,32.9298
12,3,22,23,10,9.9363,10.417,23.335,38.311,0.0633794691,0.2004831,27.5633691,66.01052
12,3,23,24,10,9.714,10.037,19.5397,37.024,0.0455687399,0.1408255,30.405017799999996,106.2307
12,3,24,25,10,9.957699999999999,10.243,22.716299999999997,44.795,0.035913225099999994,0.08764327,29.0270875,88.34692
12,3,25,26,9,9.887888888888888,10.432,26.394999999999996,46.498,0.060056629,0.1886543,43.127008,121.8416
12,3,26,27,10,9.8771,10.222,35.4536,51.413,0.086909179,0.1732991,43.67684,139.8242
12,3,27,28,10,9.8816,10.236,29.369600000000002,46.089,0.081629401,0.1866026,34.3648387,74.88863
12,3,28,29,10,9.8317,10.267,20.860599999999998,33.148,0.023523272899999996,0.04068002,22.63381196,70.27182
13,3,0,1,10,9.9269,10.4,18.0825,28.731,0.022523107300000005,0.05113049,15.5817686,30.41869
13,3,1,2,10,9.964400000000001,10.308,17.5974,27.957,0.013066345499999998,0.03013338,14.763986599999999,39.77687
13,3,2,3,10,9.802800000000001,10.117,16.8805,30.257,0.0206958568,0.0628953,14.424327400000001,31.05802
13,3,3,4,10,9.977899999999998,10.621,30.5005,52.873,0.04699849469999999,0.1755754,49.70543429999999,141.6034
13,3,4,5,10,9.894200000000001,10.176,32.5287,44.242,0.061552251999999995,0.09633068,21.049710400000002,59.70688
13,3,5,6,10,9.839,10.153,23.8202,33.023,0.021785789799999997,0.04712342,17.615386899999997,65.45537
13,3,6,7,10,9.7862,10.007,20.0,31.809,0.024231739000000002,0.03959017,19.5647519,53.49577
13,3,7,8,10,9.678799999999999,10.127,21.109199999999998,31.782,0.026014082100000002,0.07671186,20.811717399999996,54.61382
13,3,8,9,10,9.909699999999997,10.434,24.396,39.865,0.0376507026,0.1055627,23.220058700000003,62.99056
13,3,9,10,10,9.920399999999997,10.129,27.227300000000003,33.437,0.048562831,0.0811357,12.435274799999998,24.0905
13,3,10,11,10,9.827500000000002,10.144,18.393,30.601,0.018314054000000003,0.03276206,12.574653300000001,40.74043
13,3,11,12,10,9.8764,10.202,25.137600000000003,41.124,0.034153308199999996,0.05648398,27.3045027,66.25189
13,3,12,13,9,9.819777777777777,10.158,27.80933333333333,33.779,0.056430631111111115,0.1105959,15.68534277777778,43.05935
13,3,13,14,10,9.9641,10.383,27.098399999999998,43.052,0.053326478,0.1153084,19.631614000000003,33.73589
13,3,14,15,10,9.9377,10.266,28.8185,46.998,0.1036908902,0.2302959,29.199393200000003,50.8223
13,3,15,16,10,9.869200000000001,10.487,30.795000000000005,45.952,0.077843507,0.1335486,36.8680275,103.7368
13,3,16,17,10,9.7375,10.122,28.926300000000005,44.943,0.067893087,0.1232903,34.622687,62.98421
13,3,17,18,10,9.703700000000001,10.234,25.3354,37.808,0.098895227,0.1804477,25.0496263,53.23238
13,3,18,19,10,9.740499999999999,10.127,26.7776,35.775,0.0483480604,0.09495224,18.2373745,36.92443
13,3,19,20,10,9.5839,9.723,19.792099999999998,30.164,0.0472420807,0.1293172,17.2630963,28.84699
13,3,20,21,10,9.609,9.862,20.694,30.194,0.0353586502,0.08097549,18.8810659,37.10284
13,3,21,22,10,9.8647,10.381,27.9075,35.774,0.058478018,0.1151802,13.7804655,24.68761
13,3,22,23,10,9.875,10.118,26.940199999999997,35.008,0.07056661770000001,0.2715211,25.8387679,80.98085
13,3,23,24,9,9.63411111111111,10.417,23.24466666666667,32.645,0.04287061666666667,0.0870022,21.815340333333335,50.94129
13,3,24,25,10,9.866000000000001,10.513,18.4959,32.321,0.045783522300000004,0.09751692,18.681729999999998,27.85094
13,3,25,26,10,9.845699999999999,10.39,24.309600000000003,36.243,0.050672177,0.1327151,25.835186,54.14494
13,3,26,27,10,9.9389,10.476,23.1648,35.112,0.04774540000000001,0.1277785,19.624796,32.86632
13,3,27,28,10,9.8981,10.14,25.8308,34.008,0.04428327089999999,0.1252138,30.365076799999997,52.09984
13,3,28,29,10,9.7261,10.031,20.7264,33.098,0.027520756299999997,0.07411518,18.491211,27.71639
14,3,0,1,10,9.888499999999999,10.219,13.733,24.943,0.022446169,0.03635237,12.2917071,27.02815
14,3,1,2,10,9.854700000000001,10.231,18.9882,28.631,0.019077012900000002,0.04619393,15.457038799999998,27.2812
14,3,2,3,10,9.881800000000002,10.192,15.128899999999998,25.519,0.017483773299999998,0.0344932,12.2987708,21.69181
14,3,3,4,10,9.8609,10.265,9.8401,21.168,0.014778170299999999,0.04455881,6.2203389,12.24509
14,3,4,5,10,9.881400000000001,10.137,15.001900000000001,21.338,0.014672395999999999,0.05164354,8.4646727,17.38468
14,3,5,6,10,9.9066,10.152,16.593899999999998,25.668,0.008950260168,0.02221529,8.247036099999999,15.02988
14,3,6,7,10,9.929,10.327,11.936,18.019,0.020586853699999998,0.04414215,8.8892668,20.05242
14,3,7,8,10,9.9548,10.294,12.2464,23.954,0.00629915581,0.023145,7.8366005,14.1252
14,3,8,9,10,9.8131,10.194,12.128499999999999,24.226,0.02116069958,0.06045918,10.5859845,23.45509
14,3,9,10,10,9.880500000000001,10.301,14.5887,28.347,0.022433339599999998,0.07017226,13.0979297,23.00354
14,3,10,11,10,9.8395,10.222,16.451600000000003,30.64,0.020070763300000002,0.09851058,15.882337099999997,28.30837
14,3,11,12,10,9.8752,10.282,16.386699999999998,27.289,0.021878763899999994,0.0617094,14.2606526,22.48884
14,3,12,13,10,9.8671,10.144,19.024499999999996,26.391,0.012296986900000001,0.02471572,9.0740836,14.16533
14,3,13,14,9,9.978111111111112,10.28,14.065333333333335,24.888,0.012163765422222222,0.02827408,9.942566000000001,18.40675
14,3,14,15,10,9.836500000000001,10.21,16.137900000000002,24.705,0.0301718527,0.0633442,14.3579179,25.62886
14,3,15,16,10,9.8225,10.217,14.548300000000001,24.052,0.0214684362,0.05113067,14.3964137,33.74475
14,3,16,17,10,9.8278,9.985,14.554100000000002,23.771,0.017477368479999998,0.05901653,10.669922699999999,15.78332
14,3,17,18,10,9.8399,9.979,13.150199999999998,26.444,0.024459323749999998,0.09879914,9.02877,16.64334
14,3,18,19,10,9.841999999999999,10.279,15.584999999999997,23.403,0.020993997199999996,0.07542971,12.7836382,23.32264
14,3,19,20,10,9.8606,10.158,16.5237,27.567,0.01025176794,0.03138358,7.795340899999999,15.04782
14,3,20,21,10,9.921899999999999,10.145,15.427900000000003,23.585,0.0102485539,0.01900965,8.7148283,17.37632
14,3,21,22,10,9.8954,10.145,16.671499999999998,27.306,0.01123591116,0.03519845,11.4919592,23.70602
14,3,22,23,10,9.9437,10.312,15.244900000000001,28.816,0.029136414099999997,0.1181293,13.410241199999998,24.88758
14,3,23,24,10,9.8857,10.117,13.5274,23.395,0.011392981399999998,0.03635237,9.053205700000001,17.21116
14,3,24,25,10,9.876900000000001,10.2,12.475999999999999,25.035,0.011989231530000002,0.04093647,10.0054326,18.13783
14,3,25,26,10,9.839099999999998,10.129,15.291900000000002,27.836,0.019304601890000002,0.07363448,12.706959199999998,21.97914
14,3,26,27,9,9.859444444444444,10.191,12.179222222222222,25.692,0.020334689111111113,0.05940124,8.871659777777777,13.8561
14,3,27,28,10,9.8554,10.166,13.0422,21.382,0.0152750659,0.03583955,9.9641803,17.45538
14,3,28,29,10,9.8652,10.264,14.1881,23.273,0.024283012099999994,0.06334418,10.6862334,26.26
15,3,0,1,10,9.825599999999998,10.086,11.6153,18.23,0.014688440999999997,0.0324736,11.161084900000002,36.36151
15,3,1,2,10,9.8327,10.213,18.4498,27.93,0.022818036500000003,0.07773773,11.8719069,18.67193
15,3,2,3,10,9.934000000000001,10.223,17.1639,23.494,0.010690949299999999,0.0396864,7.9415425,12.21591
15,3,3,4,10,9.932000000000002,10.158,14.854,23.374,0.011165392,0.04526423,9.323501799999999,17.69849
15,3,4,5,10,9.8125,10.013,11.596599999999999,20.161,0.00999210062,0.05170753,7.1783794,13.43842
15,3,5,6,10,9.8414,10.074,11.6258,21.441,0.00856878341,0.02349763,6.5736711,8.419097
15,3,6,7,10,9.825700000000001,10.173,14.870600000000001,24.21,0.025921120400000004,0.07232008,10.108380299999999,15.30776
15,3,7,8,10,9.889600000000002,10.17,14.922200000000004,25.773,0.012325844360000001,0.04209065,7.913919899999999,12.34532
15,3,8,9,10,9.887799999999999,10.174,14.843100000000002,23.021,0.020272726999999997,0.06289552,8.5460986,15.03095
15,3,9,10,10,9.8738,10.121,17.3024,26.083,0.0109185474,0.02657508,9.2207191,15.63602
15,3,10,11,10,9.9648,10.298,13.607800000000001,22.914,0.01727539359,0.05622752,8.852065999999999,12.20908
15,3,11,12,10,9.915099999999999,10.092,16.3397,28.658,0.0107294077,0.04372546,8.746024299999998,13.20303
15,3,12,13,10,9.941899999999999,10.227,12.636299999999999,22.761,0.0087675206,0.02747258,9.7998395,18.11858
15,3,13,14,10,9.8717,10.169,14.524700000000001,25.087,0.015390455899999999,0.04747607,10.558014600000002,16.40074
15,3,14,15,10,9.955099999999998,10.208,11.510699999999998,19.826,0.01058834277,0.02776109,7.6071455,13.39251
15,3,15,16,9,9.918222222222221,10.252,11.900777777777778,22.713,0.013909074288888887,0.04721964,8.051160777777778,16.5141
15,3,16,17,10,9.913300000000001,10.171,17.9257,27.199,0.01706381,0.05395159,9.8649339,14.59192
15,3,17,18,10,9.909600000000001,10.23,16.001600000000003,29.231,0.024109907300000004,0.07328175,15.3415573,30.41057
15,3,18,19,10,9.89,10.125,12.4417,22.193,0.014563411299999999,0.04901485,7.927910299999999,10.66197
15,3,19,20,10,9.936300000000001,10.3,13.325800000000001,23.179,0.02081768245,0.04321251,10.247446899999998,20.693
15,3,20,21,10,9.870099999999997,10.169,13.939599999999999,25.394,0.0169195745,0.04846985,10.3851813,15.70714
15,3,21,22,10,9.9252,10.202,13.5502,24.573,0.011405807559999998,0.0245555,10.281364,13.62411
15,3,22,23,10,9.847100000000001,10.059,14.2032,23.984,0.016034820159999998,0.04427045,10.172993700000001,13.01096
15,3,23,24,10,9.925300000000002,10.114,11.8,24.481,0.00899512823,0.04058388,7.584866700000001,10.73986
15,3,24,25,10,9.8582,10.191,12.490100000000002,20.893,0.015605243605,0.05853569,9.0656918,17.71455
15,3,25,26,10,9.9242,10.206,12.4999,23.665,0.015242997820000001,0.03850018,8.531561299999998,17.5629
15,3,26,27,10,9.940999999999999,10.294,12.4949,20.39,0.01699970107,0.06058737,8.389696,16.55822
15,3,27,28,10,9.921199999999999,10.198,14.9529,23.834,0.014675605550000002,0.03045393,10.8957297,17.45498
15,3,28,29,10,9.9283,10.124,14.414900000000003,20.92,0.01577834985,0.03978241,8.6327104,17.89265
16,4,0,1,10,9.9693,10.296,24.807899999999997,41.227,0.200444704,0.523263,86.9044068,146.9099
16,4,1,2,10,10.139399999999998,10.444,21.6317,34.973,0.148814048,0.4392421,91.31827519999999,243.9912
16,4,2,3,10,10.1024,10.609,24.260399999999997,36.385,0.1214824125,0.4628039,63.620138999999995,136.0107
16,4,3,4,10,10.061899999999998,10.474,20.3309,32.446,0.10066792449999999,0.3678835,53.025883199999996,109.9501
16,4,4,5,10,9.917599999999998,10.284,25.280399999999997,44.33,0.08619427099999999,0.2408747,87.789688,176.6791
16,4,5,6,10,9.9561,10.441,23.4602,39.295,0.069056747,0.1899684,87.23988669999999,219.4203
16,4,6,7,10,9.996300000000002,10.41,20.451,32.09,0.055967935,0.1826275,56.2437183,143.4084
16,4,7,8,10,9.931999999999999,10.334,19.728899999999996,29.04,0.0677936617,0.1201488,42.239756899999996,81.58472
16,4,8,9,10,10.0529,10.427,21.489600000000003,32.466,0.069630548,0.1638744,57.3628834,124.5152
16,4,9,10,10,10.041900000000002,10.424,21.8107,32.544,0.083071967,0.1867309,78.835761,148.1156
16,4,10,11,9,10.012777777777778,10.368,19.227999999999998,32.36,0.049452937111111116,0.1162379,64.50714333333333,109.6665
16,4,11,12,10,9.969600000000002,10.354,17.895400000000002,28.425,0.037272461699999995,0.105467,42.6278426,84.64105
16,4,12,13,10,9.9714,10.31,26.4837,36.495,0.0324703145,0.1031908,60.6919253,305.7007
16,4,13,14,10,9.956199999999999,10.274,16.9601,27.583,0.049813041999999995,0.159707,41.7079,87.15331
16,4,14,15,10,9.888,10.292,16.531399999999998,28.492,0.042029662700000005,0.1190911,41.980498,74.16681
16,4,15,16,10,9.866200000000001,10.153,16.8179,28.241,0.0242093053,0.05779847,39.73352140000001,81.77266
16,4,16,17,10,10.0321,10.267,19.2651,29.316,0.037185886900000006,0.08882943,30.8875336,58.49836
16,4,17,18,10,10.0014,10.367,18.381,32.442,0.0395773454,0.1208221,44.2510916,87.36423
16,4,18,19,10,9.8343,10.374,16.6906,27.223,0.04581236179999999,0.1258549,42.2614023,89.5643
16,4,19,20,10,9.9599,10.418,21.7265,34.789,0.06301404129999999,0.191892,46.494269,108.2534
16,4,20,21,10,10.0137,10.45,18.8998,29.872,0.0369871304,0.1099229,40.1739648,86.02629
16,4,21,22,9,9.881333333333336,10.277,21.892666666666667,37.416,0.050403944888888885,0.1114294,54.66761411111111,105.9752
16,4,22,23,10,9.9212,10.261,21.336,32.842,0.05993335200000001,0.1831725,56.3119632,131.6306
16,4,23,24,10,9.8654,10.383,22.1482,35.044,0.0443762191,0.1154365,63.12861,134.7759
16,4,24,25,10,9.955499999999999,10.462,19.8849,31.087,0.049210364599999994,0.1187705,45.299249,118.3231
16,4,25,26,10,10.022200000000002,10.41,21.9506,29.951,0.033460894680000006,0.1139299,44.090894299999995,83.22061
16,4,26,27,10,9.953199999999999,10.487,20.9494,37.002,0.06795398300000001,0.2469014,68.74041,122.109
16,4,27,28,10,9.978399999999999,10.335,21.0423,35.458,0.0362562447,0.1311444,40.892479,117.3929
16,4,28,29,10,9.856,10.319,22.9533,36.378,0.061456084999999994,0.1725936,59.10841800000001,163.8707
17,4,0,1,10,9.841800000000001,10.278,16.793300000000002,28.491,0.0455366484,0.1492884,40.453723100000005,106.8892
17,4,1,2,10,10.079099999999999,10.406,25.320100000000004,34.378,0.031152793,0.09299679,41.5988866,65.03852
17,4,2,3,10,9.843599999999999,10.306,20.148300000000003,33.123,0.0263859454,0.06212613,49.098153,101.9916
17,4,3,4,10,9.956,10.266,20.8772,34.283,0.0208529459,0.04507191,31.127464999999994,53.87914
17,4,4,5,10,9.9463,10.459,23.0551,38.52,0.03550611690000001,0.1063645,59.159198,130.8575
17,4,5,6,10,10.0609,10.513,26.881999999999998,41.992,0.0461200936,0.1039601,70.494023,137.3826
17,4,6,7,10,9.98,10.418,24.5589,47.42,0.044446720499999995,0.1141541,47.149513,121.2541
17,4,7,8,10,9.9459,10.314,18.830600000000004,33.235,0.0384521022,0.07450003,46.38226300000001,100.1616
17,4,8,9,10,9.961799999999998,10.327,25.206200000000003,37.498,0.024565126200000002,0.04084024,35.403407300000005,78.73837
17,4,9,10,10,9.945400000000001,10.924,22.9085,29.575,0.10038267000000001,0.2194611,63.899097000000005,155.4486
17,4,10,11,9,9.969,10.576,29.03977777777778,42.057,0.11880961822222222,0.2662637,79.09523333333333,177.738
17,4,11,12,10,9.9907,10.687,25.2945,41.212,0.0656266662,0.1811529,77.7902975,128.2568
17,4,12,13,10,10.190000000000001,10.7,22.745300000000004,30.912,0.06764947000000002,0.09293274,43.633762000000004,79.58287
17,4,13,14,10,9.8971,10.523,18.941,31.563,0.058689604799999996,0.1544817,50.224492,119.9695
17,4,14,15,10,10.068,10.488,24.095999999999997,34.232,0.05582691759999999,0.1989443,43.792178,95.88623
17,4,15,16,10,9.9133,10.441,21.782500000000002,37.989,0.04916551179999999,0.1275219,76.22365800000001,159.0229
17,4,16,17,10,9.9881,10.455,23.3271,35.663,0.0693741367,0.2709761,40.601884,59.10441
17,4,17,18,10,10.0335,10.579,21.723599999999998,32.131,0.044680767,0.1031588,61.05825900000001,94.87378
17,4,18,19,10,9.975800000000001,10.474,23.0,31.353,0.0583337274,0.1312405,51.61743200000001,111.7272
17,4,19,20,10,10.0,10.595,25.2744,33.154,0.0741249174,0.1480707,68.878154,145.1212
17,4,20,21,10,9.8961,10.578,21.3834,33.028,0.07014989099999999,0.1219762,55.744739,96.34515
17,4,21,22,9,9.975222222222222,10.515,23.808222222222224,30.688,0.07544742444444445,0.1603159,60.265013333333336,192.1557
17,4,22,23,10,10.041599999999999,10.555,28.049599999999998,35.329,0.064629693,0.1612456,60.415981,198.6068
17,4,23,24,10,9.882200000000001,10.423,24.5303,41.584,0.0798245789,0.1957709,90.59694549999999,233.7346
17,4,24,25,10,9.932500000000001,10.516,31.7825,44.286,0.062170947,0.1218158,63.58967199999999,190.248
17,4,25,26,10,9.7687,10.39,22.4572,33.964,0.0661684058,0.2485684,73.378917,183.0668
17,4,26,27,10,10.025000000000002,10.537,27.752100000000002,36.334,0.0631647015,0.1208541,55.738127,94.83315
17,4,27,28,10,9.897200000000002,10.468,21.800800000000002,35.41,0.0578528932,0.1893275,61.387502000000005,108.1932
17,4,28,29,10,10.051599999999999,10.407,24.7246,35.214,0.0386797366,0.09860672,47.179134,91.09598
18,4,0,1,10,9.8422,10.227,18.1601,31.165,0.051053650000000006,0.2234679,25.55693389,96.1496
18,4,1,2,10,9.9397,10.463,20.7271,32.556,0.0438600846,0.1303109,54.80767899999999,103.0941
18,4,2,3,10,10.049100000000001,10.409,26.330800000000004,35.996,0.0429625517,0.1086726,47.628735999999996,105.5581
18,4,3,4,10,9.980599999999999,10.439,23.935,38.465,0.05085811180000001,0.1242843,81.30977500000002,198.2558
18,4,4,5,10,9.9426,10.335,22.8486,38.336,0.028290144,0.05366315,49.272808999999995,91.93201
18,4,5,6,10,10.076800000000002,10.51,21.5079,30.641,0.044597412600000004,0.1097943,50.462973,124.4992
18,4,6,7,10,9.911,10.482,21.555799999999998,31.763,0.052239749599999996,0.1196039,62.875515500000006,267.9048
18,4,7,8,10,10.036999999999999,10.404,25.0716,36.515,0.046972846,0.08780355,47.7444712,123.9987
18,4,8,9,10,9.9415,10.38,23.331799999999998,36.701,0.0552530812,0.1522376,79.298488,148.9161
18,4,9,10,10,10.0048,10.399,27.900300000000005,39.393,0.038926570050000005,0.09338153,46.7303679,91.40331
18,4,10,11,10,9.9633,10.484,22.203699999999998,36.636,0.0400325423,0.08277075,91.95620299999999,369.1638
18,4,11,12,9,10.051888888888888,10.333,30.575555555555557,45.113,0.033096875,0.05209237,58.912898888888876,140.3577
18,4,12,13,10,9.836,10.272,24.6983,36.442,0.0601545505,0.1568859,88.607569,338.3199
18,4,13,14,10,10.0463,10.375,34.855700000000006,51.711,0.0731984802,0.2148445,93.031354,326.5195
18,4,14,15,10,9.9894,10.396,21.8024,36.286,0.0330409637,0.08046265,83.5771499,174.2767
18,4,15,16,10,9.8809,10.31,22.0409,35.264,0.0425329465,0.1145389,41.162990099999995,99.51246
18,4,16,17,10,10.091899999999999,10.451,20.2792,26.916,0.05707067179999999,0.110596,42.32255979999999,72.93925
18,4,17,18,10,9.902000000000001,10.358,17.8641,37.04,0.0431420141,0.1202129,52.214052,95.35657
18,4,18,19,10,9.930699999999998,10.41,20.098,29.004,0.059503814,0.1540649,40.5934155,102.8353
18,4,19,20,10,9.9799,10.363,21.04,31.751,0.038836814000000004,0.07171101,49.3714585,105.1433
18,4,20,21,10,9.934700000000001,10.283,18.4827,28.773,0.024709366000000003,0.1091854,35.4956615,85.93003
18,4,21,22,10,10.044,10.223,17.3193,24.893,0.0352496613,0.1094098,23.541728300000003,57.22037
18,4,22,23,9,9.884444444444446,10.186,16.10022222222222,34.085,0.030201030222222227,0.08334769,60.96156477777778,190.2251
18,4,23,24,10,10.0177,10.463,30.1089,53.27,0.035676020600000004,0.06988373,127.49405999999999,338.8594
18,4,24,25,10,10.0641,10.482,33.9945,45.07,0.053230308799999994,0.1725295,87.6579235,226.8249
18,4,25,26,10,9.976600000000001,10.656,27.610599999999998,38.992,0.08815619410000002,0.1681699,119.83133600000001,280.1062
18,4,26,27,10,9.948500000000001,10.43,32.285399999999996,46.081,0.0495790225,0.0897911,152.078069,452.1221
18,4,27,28,10,9.964200000000002,10.404,42.6818,54.314,0.087191289,0.1702216,129.888131,512.7821
18,4,28,29,10,9.896799999999999,10.404,36.5955,63.264,0.0827962621,0.2421251,189.056424,556.7411
19,4,0,1,10,9.8749,10.174,15.399700000000001,29.725,0.0457899206,0.09645891,41.0646403,114.7214
19,4,1,2,10,9.915099999999999,10.361,21.107599999999998,32.981,0.0722912414,0.1289963,62.23773100000001,117.3669
19,4,2,3,10,9.9862,10.311,21.6741,30.479,0.039830571999999995,0.0771286,46.791614700000004,104.1318
19,4,3,4,10,9.959299999999999,10.213,21.034299999999998,30.027,0.039997254999999995,0.07809011,58.25750860000001,123.7393
19,4,4,5,10,9.9708,10.221,21.1596,30.699,0.04057749919999999,0.102101,60.59763740000001,117.7296
19,4,5,6,10,9.952200000000001,10.298,18.6931,36.471,0.039917092700000004,0.1297019,56.832997,144.2609
19,4,6,7,10,9.8812,10.309,18.732400000000002,33.168,0.046536830268,0.1069415,58.2577855,97.53579
19,4,7,8,10,9.9421,10.258,18.4183,32.365,0.045078273399999993,0.08302714,49.9162462,88.15235
19,4,8,9,10,9.9298,10.29,18.0738,32.329,0.0402921895,0.1019727,42.0764316,98.77683
19,4,9,10,10,9.9358,10.232,18.334700000000005,30.87,0.0361664928,0.09104129,40.41343500000001,87.08415
19,4,10,11,10,10.0111,10.365,21.487699999999997,38.33,0.033181954599999994,0.08055845,53.467850999999996,105.262
19,4,11,12,9,9.938555555555556,10.313,16.564444444444444,26.198,0.02969169944444445,0.06238258,54.30917888888889,116.5336
19,4,12,13,10,9.9548,10.283,19.4917,29.989,0.0380449896,0.07760958,43.3825517,80.64852
19,4,13,14,10,9.9729,10.284,20.676300000000005,31.61,0.047187595,0.08414912,50.418998699999996,108.0496
19,4,14,15,10,10.0117,10.262,20.4795,30.0,0.036086318799999996,0.0775774,50.2035808,163.2756
19,4,15,16,10,9.9853,10.265,18.714399999999998,29.599,0.039250305,0.1006903,55.71934160000001,97.62621
19,4,16,17,10,9.924000000000001,10.323,15.099799999999998,24.115,0.0408435565,0.1346385,39.782694000000006,86.7176
19,4,17,18,10,9.896799999999999,10.28,18.6649,28.616,0.0245555036,0.0833477,44.3328079,98.2039
19,4,18,19,10,9.988800000000001,10.261,21.644099999999998,32.43,0.029668569100000004,0.06940302,38.550298,94.8033
19,4,19,20,10,9.8753,10.21,22.2689,38.988,0.0216094831,0.04661054,74.682076,145.4976
19,4,20,21,10,9.8664,10.162,20.4445,35.56,0.019006476099999996,0.03513427,47.5605354,105.312
19,4,21,22,10,9.9696,10.274,23.5382,34.748,0.0312489605,0.09578572,50.3081682,122.7334
19,4,22,23,9,9.877666666666666,10.244,20.03944444444444,30.552,0.05696137,0.1041523,71.826693,222.9168
19,4,23,24,10,9.862,10.261,20.8863,38.502,0.042661165699999996,0.156341,46.401921,89.19995
19,4,24,25,10,9.9404,10.154,21.124599999999997,31.667,0.0314861506,0.1080952,43.0896858,70.3412
19,4,25,26,10,9.9133,10.311,26.538,48.629,0.0436324892,0.09418287,103.473199,168.6361
19,4,26,27,10,9.897300000000001,10.255,25.2206,40.514,0.03587473070000001,0.1120704,96.14562700000002,238.5464
19,4,27,28,10,9.904499999999999,10.218,24.565199999999997,38.992,0.030030786900000002,0.08658538,58.69897100000001,156.4418
19,4,28,29,10,9.908000000000001,10.299,25.157799999999998,35.754,0.0226128668,0.05045724,61.89633100000001,184.4489
20,4,0,1,10,9.8323,10.177,22.3277,45.466,0.0457835114,0.1643232,27.577486194999995,101.854
20,4,1,2,10,9.803799999999999,10.22,26.0351,40.211,0.03693905938,0.07696841,77.326431,159.1621
20,4,2,3,10,10.0232,10.379,25.583000000000006,32.593,0.039375344599999994,0.1014598,50.203367,103.7039
20,4,3,4,10,9.8049,10.135,25.867399999999996,38.797,0.0526372784,0.1050501,67.551199,112.4297
20,4,4,5,10,9.9556,10.326,25.386699999999998,36.876,0.0395933323,0.0922594,41.541036999999996,79.99986
20,4,5,6,10,9.8418,10.228,25.124100000000002,38.199,0.038573941,0.07725681,96.52841709999998,320.0035
20,4,6,7,10,9.9082,10.258,27.5151,36.488,0.025808925,0.05853558,46.97811999999999,146.3928
20,4,7,8,10,9.9231,10.236,22.945599999999995,36.844,0.037788545500000006,0.08414895,75.13378630000001,168.2828
20,4,8,9,10,9.818000000000001,10.185,26.996000000000002,40.001,0.0324062055,0.06991576,77.25591299999999,334.1525
20,4,9,10,10,9.9705,10.304,24.0434,31.514,0.0257993235,0.05821523,51.964797999999995,172.2991
20,4,10,11,10,9.834900000000001,10.406,19.588699999999996,30.826,0.048642978,0.09517667,49.075012400000006,102.5989
20,4,11,12,9,9.981444444444445,10.305,25.93488888888889,36.98,0.044982830888888894,0.133645,54.883132222222216,126.3874
20,4,12,13,10,9.785100000000002,10.242,20.9748,32.002,0.0431356305,0.1230019,58.87904000000001,142.8433
20,4,13,14,10,9.9613,10.364,24.6583,35.995,0.046610566799999996,0.08315537,49.310294,85.26203
20,4,14,15,10,9.846500000000002,10.346,21.419199999999996,29.954,0.0564199683,0.1608611,65.655489,141.7352
20,4,15,16,10,9.943900000000001,10.298,25.9945,34.791,0.0426996633,0.0997929,49.971340000000005,127.7583
20,4,16,17,10,9.899899999999999,10.323,19.768400000000003,31.199,0.035095782,0.1019087,56.36736499999999,100.1633
20,4,17,18,10,9.843399999999999,10.344,23.586499999999997,35.984,0.0615201849,0.1797104,59.389634799999996,128.6552
20,4,18,19,10,10.067400000000001,10.437,26.267100000000006,36.613,0.048912288000000005,0.1036718,67.089552,153.368
20,4,19,20,10,9.883600000000001,10.409,21.5404,35.4,0.0480659848,0.1358567,56.498027,142.9888
20,4,20,21,10,9.9899,10.442,26.786800000000007,38.119,0.045469336900000004,0.1200206,65.96031500000001,129.7926
20,4,21,22,9,9.818000000000001,10.36,20.64988888888889,33.834,0.06133533666666667,0.1514684,71.57579222222222,119.7538
20,4,22,23,10,9.967499999999998,10.415,24.637,33.583,0.053307242,0.1197963,52.887331999999994,152.7815
20,4,23,24,10,9.8673,10.34,17.7867,27.024,0.0440876978,0.08687394,49.664411,122.1615
20,4,24,25,10,9.869900000000001,10.388,22.4527,34.366,0.046222705999999995,0.1586171,52.94057499999999,135.5108
20,4,25,26,10,9.957099999999999,10.381,21.0413,29.963,0.059257009299999996,0.124669,48.422438,120.6584
20,4,26,27,10,9.7501,10.177,23.9642,36.298,0.0525442901,0.1372992,67.36061199999999,182.6771
20,4,27,28,10,9.8486,10.283,26.644,40.825,0.05429458229999999,0.1432618,66.79217099999998,159.5556
20,4,28,29,10,9.857499999999998,10.444,20.5897,36.307,0.057945888000000015,0.143262,69.25769,182.7487
21,5,0,1,10,9.8335,10.334,16.1643,28.538,0.037730838,0.1143145,20.1932741,32.90588
21,5,1,2,10,9.8594,9.992,16.4441,22.339,0.00912016514,0.0203241,5.3767499999999995,15.24456
21,5,2,3,10,9.927900000000001,10.063,7.415899999999999,12.314,0.00472517473,0.02260011,4.232935400000001,15.1548
21,5,3,4,10,9.8603,9.955,8.1441,12.991,0.00691464831,0.03718585,3.4615987499999994,10.70592
21,5,4,5,10,9.913,10.188,7.604000000000002,14.265,0.00835399468,0.03016534,2.8625937300000004,10.75054
21,5,5,6,10,9.8684,10.141,8.409699999999999,14.974,0.00991516429,0.04939952,4.073913,9.768323
21,5,6,7,10,9.9014,10.112,10.219100000000001,16.7,0.0064818772,0.02170239,2.1357937199999997,5.305332
21,5,7,8,10,9.8213,9.872,5.8145,11.258,0.006308783780000002,0.01968295,2.9067476100000005,8.529809
21,5,8,9,10,9.891900000000001,10.098,8.786299999999999,12.674,0.007347411520000001,0.01583603,4.2078396,9.273623
21,5,9,10,10,9.905899999999999,10.061,11.135900000000001,17.903,0.00639212864,0.02131786,1.8075337500000004,6.930467
21,5,10,11,10,9.9061,10.039,6.8849,12.894,0.0036929421599999996,0.0149705,3.28634861,13.62253
21,5,11,12,10,9.6545,9.989,17.0135,70.093,0.27212691213,1.385142,87.02302060000001,652.3178
21,5,12,13,10,8.6997,12.306,53.941100000000006,72.25,4.78476189,15.2683,774.370539,1970.943
21,5,13,14,10,8.4451,10.009,35.4862,53.221,1.425235476,10.78397,313.94912889999995,1848.548
21,5,14,15,10,8.652,9.749,12.171499999999998,20.822,0.1607584329,0.685086,87.3374269,571.7001
21,5,15,16,10,9.9598,10.032,2.0275,4.659,0.000567408812,0.002596643,0.23641888680000003,1.047762
21,5,16,17,10,10.040000000000001,10.042,1.3806,1.413,6.411346999999999e-06,3.205679e-05,0.0007602666380000001,0.003094
21,5,17,18,10,10.042,10.042,1.4194999999999998,1.437,3.205679e-06,3.205679e-05,7.786681499999999e-05,0.0002390003
21,5,18,19,10,10.042,10.042,1.4388999999999998,1.449,0.0,0.0,7.593313099999998e-05,0.0001656664
21,5,19,20,10,10.042,10.042,1.432,1.446,0.0,0.0,6.3766606e-05,0.0001459999
21,5,20,21,10,10.042,10.042,1.4476,1.459,3.205679e-06,3.205679e-05,6.95668024e-05,0.0002456678
21,5,21,22,10,10.042,10.042,1.4306999999999999,1.444,0.0,0.0,6.933318699999999e-05,0.0001636669
21,5,22,23,9,10.039777777777777,10.042,1.4244444444444442,1.441,3.5618533333333335e-06,3.205668e-05,7.77035141111111e-05,0.0001616666
21,5,23,24,10,10.032,10.032,1.4247999999999998,1.437,0.0,0.0,6.603332e-05,0.0001396666
21,5,24,25,10,10.032,10.032,1.4401,1.453,0.0,0.0,5.2699992999999994e-05,0.0001233329
21,5,25,26,10,10.032,10.032,1.4426999999999999,1.457,0.0,0.0,0.00011613344899999998,0.0002260004
21,5,26,27,10,10.032,10.032,1.4464000000000001,1.461,0.0,0.0,5.2100127e-05,0.0001039999
21,5,27,28,10,10.032,10.032,1.4343,1.446,0.0,0.0,5.276672199999999e-05,0.000125667
21,5,28,29,10,10.032,10.032,1.4346,1.452,0.0,0.0,8.613341400000001e-05,0.0001923342
22,5,0,1,10,9.865400000000001,10.141,19.884800000000002,43.888,0.028924850599999996,0.124733,20.4565145,53.76459
22,5,1,2,10,9.8042,10.022,20.4787,44.782,0.0362049525,0.1282593,25.440691519999998,82.74239
22,5,2,3,10,9.9645,10.098,16.0465,26.47,0.013335619450000002,0.03212089,8.052195700000002,21.91422
22,5,3,4,10,9.9679,10.104,13.466399999999998,18.827,0.01088649235,0.04673882,2.74252597,5.636131
22,5,4,5,10,10.009899999999998,10.183,18.493299999999998,32.283,0.01717282564,0.04420632,13.5504886,30.46319
22,5,5,6,10,9.9936,10.08,13.6945,23.979,0.009443929899999998,0.02131777,7.362893,19.31312
22,5,6,7,10,9.954600000000001,10.095,12.593799999999998,20.815,0.014156281050000002,0.07530137,6.1590028000000006,22.65123
22,5,7,8,10,9.934899999999999,9.997,10.3615,12.469,0.00477325508,0.0108993,3.649019508,14.69162
22,5,8,9,10,9.9729,10.088,8.644299999999998,13.418,0.00555223346,0.0156437,4.91735366,26.73876
22,5,9,10,10,9.9819,10.193,14.162599999999998,18.956,0.0239977117,0.06337627,7.370751589999999,26.03182
22,5,10,11,10,10.018699999999999,10.099,12.033100000000001,17.809,0.00788275959,0.0210613,5.4453632800000005,19.91317
22,5,11,12,10,10.0417,10.273,11.1067,20.018,0.016490024399999997,0.06847342,7.964685200000001,29.85524
22,5,12,13,10,9.9469,10.036,12.6458,17.614,0.0115981468,0.05157939,3.11296186,7.529955
22,5,13,14,10,10.0026,10.102,15.880899999999997,40.306,0.031854840499999995,0.1594505,17.3578554,100.9778
22,5,14,15,10,8.9343,13.509,85.9519,186.343,4.70496671,14.66166,1255.43103,3087.071
22,5,15,16,9,8.90322222222222,11.247,25.69222222222222,65.34,0.9588292922222225,4.509813,151.9228191111111,780.261
22,5,16,17,10,9.451899999999998,10.488,42.2565,83.401,0.435754355,1.581105,138.59220929999998,387.5926
22,5,17,18,10,9.123800000000001,10.865,49.1658,87.877,0.404130341,1.808932,381.3468478,2298.422
22,5,18,19,10,9.893,10.013,4.8032,11.227,0.0037538501210000004,0.01865703,0.9767097919999997,4.372609
22,5,19,20,10,10.035,10.043,1.5444999999999998,1.758,1.602836e-05,6.411346e-05,0.00312176695,0.01326067
22,5,20,21,10,10.043000000000001,10.043,1.4294,1.457,6.411356e-06,3.205678e-05,9.390013199999999e-05,0.0001456672
22,5,21,22,10,10.043000000000001,10.043,1.4583,1.466,0.0,0.0,7.5600067e-05,0.000120667
22,5,22,23,10,10.038,10.043,1.4447999999999999,1.456,6.411336e-06,3.205668e-05,9.36998e-05,0.0001873332
22,5,23,24,10,10.023,10.023,1.4417,1.457,0.0,0.0,7.1899997e-05,0.0001306663
22,5,24,25,10,10.039000000000001,10.043,1.4449999999999998,1.455,6.411336e-06,3.205668e-05,9.730000000000001e-05,0.0001673339
22,5,25,26,10,10.05,10.053,1.448,1.458,3.205668e-06,3.205668e-05,6.456665799999999e-05,0.0001233332
22,5,26,27,10,10.053,10.053,1.4387,1.447,0.0,0.0,7.713353e-05,0.0001273338
22,5,27,28,10,10.053,10.053,1.4475,1.463,0.0,0.0,7.0899933e-05,0.0001229999
22,5,28,29,9,10.053,10.053,1.4433333333333334,1.46,0.0,0.0,6.837053777777778e-05,0.0001840004
22,5,29,30,10,10.053,10.053,1.4525000000000001,1.467,0.0,0.0,6.456670469999999e-05,0.0001610003
23,5,0,1,10,9.983900000000002,10.069,14.207699999999999,34.17,0.0085816042,0.02003555,11.140803490000001,26.42142
23,5,1,2,10,9.9145,10.082,19.616999999999997,36.16,0.04573543146,0.1959952,19.829586,65.10488
23,5,2,3,10,10.0525,10.145,12.729899999999999,21.914,0.007607072750000001,0.03157592,8.4766482,21.99224
23,5,3,4,10,9.9693,10.137,12.3712,18.074,0.023789341199999998,0.08094343,9.636805800000001,28.79071
23,5,4,5,10,9.988499999999998,10.089,10.413599999999999,19.851,0.011681491999999998,0.02865878,10.963175139999999,22.48728
23,5,5,6,10,9.956300000000002,10.242,17.0078,26.625,0.022715429899999997,0.09123357,9.2582509,20.09953
23,5,6,7,10,9.9864,10.181,18.509400000000003,28.747,0.013527958499999998,0.03824371,7.7235401999999995,16.21517
23,5,7,8,10,9.8965,10.044,10.898900000000001,20.332,0.0060811773200000006,0.01827233,8.0663175,15.05249
23,5,8,9,10,9.968399999999999,10.24,18.5185,26.734,0.0350156394,0.1554754,14.239419999999999,32.95066
23,5,9,10,10,10.0211,10.27,18.8524,28.061,0.0215645944,0.04212257,11.602534799999999,34.14546
23,5,10,11,10,9.9884,10.144,15.1553,21.486,0.0147076503,0.05760605,7.70124481,32.66656
23,5,11,12,10,10.063999999999998,10.222,20.746199999999998,30.924,0.0323228474,0.09645887,16.975337160000002,44.84737
23,5,12,13,10,10.706599999999998,16.509,68.8871,151.052,10.508284780000002,34.90876,1874.9877179999996,7356.093
23,5,13,14,10,8.4881,10.443,37.6631,65.969,0.503362099,1.186133,250.90707609999998,2172.601
23,5,14,15,10,9.7498,9.974,5.0662,11.064,0.007953295289999999,0.03526256,0.790589983,3.491368
23,5,15,16,9,10.016333333333332,10.023,1.6688888888888889,1.991,4.2742304444444445e-05,0.0001602835,0.0028283335722222224,0.010618
23,5,16,17,10,10.024799999999999,10.032,1.45,1.472,3.205668e-06,3.205668e-05,9.940008700000001e-05,0.0002886677
23,5,17,18,10,10.032,10.032,1.4432,1.456,3.205678e-06,3.205678e-05,9.693313e-05,0.0001713333
23,5,18,19,10,10.041,10.042,1.4459999999999997,1.461,3.205668e-06,3.205668e-05,8.506674100000001e-05,0.0001499999
23,5,19,20,10,10.042,10.042,1.4302999999999997,1.444,0.0,0.0,7.399981199999999e-05,0.0001446657
23,5,20,21,10,10.042,10.042,1.4387,1.446,0.0,0.0,8.8299883e-05,0.0001936665
23,5,21,22,10,10.042,10.042,1.4555,1.468,0.0,0.0,8.1366684e-05,0.0001343336
23,5,22,23,10,10.042,10.042,1.4625,1.468,0.0,0.0,6.3799933e-05,0.0001240001
23,5,23,24,10,10.042,10.042,1.4495,1.463,0.0,0.0,9.4333328e-05,0.0001496661
23,5,24,25,10,10.042,10.042,1.4319000000000002,1.442,0.0,0.0,9.3400031e-05,0.0001443328
23,5,25,26,10,10.042,10.042,1.4562000000000002,1.468,9.617038e-06,6.411359e-05,8.143342099999999e-05,0.0001420002
23,5,26,27,9,10.042,10.042,1.4532222222222222,1.461,0.0,0.0,6.962981444444444e-05,0.000158333
23,5,27,28,10,10.042,10.042,1.4489,1.459,0.0,0.0,8.4966535e-05,0.0002083333
23,5,28,29,10,10.0255,10.042,1.4511999999999998,1.462,0.000359035197,0.002083685,0.000257166747,0.0008043331
23,5,29,30,10,10.045,10.052,1.4462000000000002,1.46,4.8085134000000005e-05,0.0002885108,0.000161399985,0.0003616666
24,5,0,1,10,10.023100000000001,10.231,19.9446,38.622,0.024174036700000002,0.05440044,13.461105689999997,39.79756
24,5,1,2,10,9.972900000000001,10.168,22.8491,33.854,0.05506072489999999,0.2558773,18.866861,36.92928
24,5,2,3,10,10.0482,10.175,15.806399999999996,26.759,0.01413384469,0.07289722,13.959954300000001,29.8779
24,5,3,4,10,9.9278,10.254,15.041400000000001,23.196,0.02792466333,0.1372992,10.514978200000002,24.22086
24,5,4,5,10,10.0578,10.174,12.8139,22.118,0.0183172397,0.08450163,9.328703999999998,22.45184
24,5,5,6,10,9.908199999999999,10.091,12.803,22.784,0.02740536102,0.1830123,9.683289229999998,25.66041
24,5,6,7,10,9.9854,10.136,10.254000000000001,17.759,0.011158962799999998,0.04170582,5.2886565999999995,11.20107
24,5,7,8,10,9.924000000000001,10.169,13.2192,19.56,0.0191699695,0.05968982,11.336664099999998,20.9043
24,5,8,9,10,10.0296,10.094,13.725799999999998,19.188,0.011578913399999998,0.03840405,5.38112375,13.67304
24,5,9,10,10,10.015199999999998,10.203,18.505399999999998,28.034,0.038641256490000005,0.1539368,9.16604587,31.46414
24,5,10,11,10,9.969,10.123,13.7768,17.865,0.008020607780000001,0.02862669,10.06590634,34.2839
24,5,11,12,10,10.0158,10.138,10.6644,21.369,0.01390623385,0.04241113,5.6619869,13.41666
24,5,12,13,10,9.9501,10.193,16.960900000000002,28.094,0.027539981399999997,0.1295094,13.777381699999998,42.80154
24,5,13,14,9,10.747444444444445,15.433,30.655444444444445,66.758,2.4093379411111107,10.46314,436.59970496666665,2716.571
24,5,14,15,10,7.5018,9.873,71.9258,117.677,7.192201370000001,27.40968,1367.21063,5061.845
24,5,15,16,10,9.204199999999998,9.848,19.602600000000002,50.072,0.07832117209999999,0.3432322,20.290872320000002,89.21294
24,5,16,17,10,9.9708,10.013,2.3412,3.963,0.000288510627,0.001314326,0.0661572016,0.2803736
24,5,17,18,10,10.022,10.023,1.5093,1.588,6.4113479999999996e-06,6.411348e-05,0.00022833324170000005,0.0009536659
24,5,18,19,10,10.026599999999998,10.032,1.4623000000000002,1.475,6.411346000000001e-06,3.205678e-05,8.259996450000001e-05,0.0001506669
24,5,19,20,10,10.0321,10.033,1.4503000000000001,1.467,9.617042e-06,6.411361e-05,9.0499952e-05,0.0001870004
24,5,20,21,10,10.0393,10.052,1.4436,1.45,0.000118610138,0.000320568,0.000108299659,0.0002166664
24,5,21,22,10,10.051999999999998,10.052,1.45,1.463,3.205678e-06,3.205678e-05,7.7633313e-05,0.0002069994
24,5,22,23,10,10.043000000000001,10.052,1.4529,1.464,3.205668e-06,3.205668e-05,8.296654e-05,0.0001416662
24,5,23,24,10,10.042,10.042,1.4583999999999997,1.467,3.205678e-06,3.205678e-05,6.3733171e-05,0.0001459996
24,5,24,25,10,10.043000000000001,10.052,1.4671,1.483,2.5645408e-05,9.617026e-05,0.000838733436,0.003558
24,5,25,26,10,10.042,10.042,1.4503000000000001,1.467,0.0,0.0,0.00012200014500000003,0.00029
24,5,26,27,10,10.042,10.042,1.4439000000000002,1.455,0.0,0.0,8.3333219e-05,0.0001163334
24,5,27,28,10,10.042,10.042,1.4422,1.462,0.0,0.0,8.243341299999998e-05,0.0001353343
24,5,28,29,9,10.042,10.042,1.4451111111111112,1.458,0.0,0.0,7.322231555555555e-05,0.0001499997
24,5,29,30,10,10.042,10.042,1.4499000000000002,1.461,0.0,0.0,8.9099898e-05,0.0001793325
25,5,0,1,10,9.899899999999999,10.142,12.9141,20.579,0.007921234119999999,0.02712005,6.83859831,19.10782
25,5,1,2,10,9.8382,10.18,25.0055,32.682,0.07998809300000001,0.4883851,22.8234271,40.82974
25,5,2,3,10,10.076899999999998,10.157,18.006999999999998,28.968,0.010751867,0.05020099,13.402591699999999,33.79284
25,5,3,4,10,9.9076,10.084,14.348600000000001,23.517,0.018820553,0.07902003,9.99269137,30.18012
25,5,4,5,10,10.022000000000002,10.233,13.091,20.108,0.02521587054,0.1501861,9.64822998,24.22199
25,5,5,6,10,9.9036,10.063,14.3753,22.805,0.026450075600000005,0.155764,9.94286174,22.85518
25,5,6,7,10,9.9456,10.068,12.619499999999999,18.328,0.0179902711,0.06321592,5.682829269,19.69505
25,5,7,8,10,9.9111,10.183,13.2208,22.739,0.0378494546,0.2370599,11.8641918,31.15839
25,5,8,9,10,9.8884,10.12,16.1201,20.933,0.02410350458,0.1641949,7.605844019999999,24.63291
25,5,9,10,10,9.976600000000001,10.063,15.031299999999998,23.593,0.0100465902,0.05978585,5.79551486,20.492
25,5,10,11,10,9.8751,10.001,11.2747,17.673,0.021404327940000002,0.1170074,9.580997919999998,30.77035
25,5,11,12,10,10.000499999999999,10.114,12.1683,19.344,0.00841170557,0.05533009,6.7118169,15.35326
25,5,12,13,10,9.806700000000001,10.113,15.504300000000004,26.289,0.0474183945,0.3525284,15.28619516,41.55226
25,5,13,14,10,10.1999,15.356,51.0022,119.288,6.682905031600001,27.63581,793.4840810600001,3042.504
25,5,14,15,9,10.149000000000001,12.458,63.93866666666666,83.072,2.7150323666666667,11.73673,1647.3515666666667,6818.385
25,5,15,16,10,9.6473,9.946,12.839000000000002,31.93,0.048460262399999995,0.2106453,7.93237785,34.71576
25,5,16,17,10,10.0128,10.032,2.0235999999999996,3.029,0.00016990080400000002,0.0008334755,0.023650559800000002,0.1002596
25,5,17,18,10,10.041,10.042,1.468,1.5,1.9234065e-05,6.411359e-05,0.000163033353,0.0004366666
25,5,18,19,10,10.042,10.042,1.4456000000000002,1.458,3.205679e-06,3.205679e-05,7.4766587e-05,0.0001136669
25,5,19,20,10,10.042,10.042,1.4552,1.465,0.0,0.0,8.1966633e-05,0.0001446667
25,5,20,21,10,10.042,10.042,1.4541,1.465,0.0,0.0,5.9433278e-05,0.0001369999
25,5,21,22,10,10.042,10.042,1.4443,1.454,6.411358e-06,3.205679e-05,9.71334e-05,0.0001429995
25,5,22,23,10,10.038,10.042,1.4566,1.463,3.205668e-06,3.205668e-05,6.456673399999999e-05,0.0001603337
25,5,23,24,10,10.032,10.032,1.451,1.464,0.0,0.0,8.830005300000001e-05,0.0001460002
25,5,24,25,10,10.032,10.032,1.4570000000000003,1.466,0.0,0.0,7.2099954e-05,0.0001486664
25,5,25,26,10,10.032,10.032,1.4546,1.47,0.0,0.0,7.706683500000001e-05,0.0001496672
25,5,26,27,10,10.032,10.032,1.4574,1.471,1.6028396e-05,6.411359e-05,0.00010563347310000001,0.0003296669
25,5,27,28,10,10.040000000000001,10.042,1.4801,1.513,2.5645428e-05,0.0001602839,0.0005223334310000001,0.002122002
25,5,28,29,9,10.042,10.042,1.4606666666666666,1.477,0.0,0.0,9.540733111111111e-05,0.0002656665
25,5,29,30,10,10.042,10.042,1.4663,1.474,3.205679e-06,3.205679e-05,6.206666200000001e-05,0.0001133335
