session_id,level,activity,notes,samples,accel_magnitude_mps2_mean,accel_magnitude_mps2_min,accel_magnitude_mps2_max,accel_magnitude_mps2_peak_time_s,gyro_magnitude_dps_mean,gyro_magnitude_dps_min,gyro_magnitude_dps_max,gyro_magnitude_dps_peak_time_s,accel_msd_mean,accel_msd_min,accel_msd_max,accel_msd_peak_time_s,gyro_msd_mean,gyro_msd_min,gyro_msd_max,gyro_msd_peak_time_s,accel_magnitude_slope_mean,accel_magnitude_slope_min,accel_magnitude_slope_max,accel_magnitude_slope_peak_time_s,accel_magnitude_slope_absolute_max,gyro_magnitude_slope_mean,gyro_magnitude_slope_min,gyro_magnitude_slope_max,gyro_magnitude_slope_peak_time_s,gyro_magnitude_slope_absolute_max,accel_msd_slope_mean,accel_msd_slope_min,accel_msd_slope_max,accel_msd_slope_peak_time_s,accel_msd_slope_absolute_max,gyro_msd_slope_mean,gyro_msd_slope_min,gyro_msd_slope_max,gyro_msd_slope_peak_time_s,gyro_msd_slope_absolute_max,first_10s_accel_magnitude_mps2_mean,first_10s_gyro_magnitude_dps_mean,first_10s_accel_msd_mean,first_10s_gyro_msd_mean,20_to_30s_accel_magnitude_mps2_mean,20_to_30s_gyro_magnitude_dps_mean,20_to_30s_accel_msd_mean,20_to_30s_gyro_msd_mean,accel_msd_exceeds_previous_max_first_s,accel_msd_exceeds_previous_max_last_s,accel_msd_exceeds_previous_max_samples
1,1,stationary,Trial 1 (level 1): grandma sitting still,299,10.0481872909699,10.032,10.052,1.708,1.4167324414715718,1.395,1.447,9.652,8.577041806020066e-07,0.0,3.205679e-05,0.0,5.173351794280936e-05,3.333248e-07,0.0002296662,22.729,0.0003270267748494983,-0.02933867,0.02941704,26.55,0.02941704,-0.0012154447695652169,-0.08340189,0.09345782,0.803,0.09345782,-8.413660582608693e-07,-6.379415e-05,6.392129e-05,16.19,6.392129e-05,-1.721148861204013e-06,-0.0004640153,0.0003351718,4.826,0.0004640153,10.050299999999998,1.4162000000000001,6.411347e-07,5.267329629399999e-05,10.043999999999999,1.4161399999999997,9.617004e-07,5.397661798999999e-05,,,
2,1,stationary,Trial 2 (level 1): grandma sitting still,300,10.050099999999999,10.042,10.052,2.701,1.4277499999999999,1.4,1.458,13.604,3.2056716666666666e-07,0.0,3.205679e-05,24.804,6.418890244e-05,3.000141e-06,0.0001830006,28.626,1.7765640333333722e-06,-0.02922498,0.02936106,2.802,0.02936106,-0.00016590312900000007,-0.08544624,0.1100035,4.204,0.1100035,-4.233972604666665e-07,-0.0001282259,6.411359e-05,24.804,0.0001282259,-1.4664772753333328e-06,-0.0003790002,0.0004443335,28.726,0.0004443335,10.049299999999999,1.4256499999999996,3.205668e-07,6.109000268e-05,10.049000000000001,1.4266099999999997,6.411347e-07,6.382663152e-05,,,
3,1,stationary,Trial 3 (level 1): grandma sitting still,298,10.039872483221476,10.003,10.052,4.418,1.4288422818791946,1.398,1.464,21.928,1.2908737583892617e-06,0.0,3.205679e-05,0.503,6.7097344852349e-05,3.333377e-06,0.0002406678,21.124,-0.00016405901531208042,-0.07831569,0.03897308,12.568,0.07831569,0.0005031176926174495,-0.1016532,0.1240371,19.112,0.1240371,-1.2644872454362418e-06,-0.0001908134,9.578647e-05,0.604,0.0001908134,2.22676550248322e-06,-0.0004837577,0.0004514102,0.604,0.0004837577,10.0451,1.4277200000000005,1.6028362e-06,6.858998357e-05,10.042000000000002,1.431363636363636,0.0,6.523572828282828e-05,,,
4,1,stationary,Trial 4 (level 1): grandma sitting still,298,10.053610738255033,10.042,10.072,4.83,1.4286342281879194,1.399,1.47,25.84,1.9363128187919463e-06,0.0,0.0001282267,4.83,7.133336045973154e-05,3.000042e-06,0.0001983338,8.449,0.0002619357027852349,-0.02937013,0.05852739,4.93,0.05852739,0.00025397725671140947,-0.09456521,0.1195835,5.835,0.1195835,-1.804014085302013e-06,-0.0002548594,0.0002549229,4.83,0.0002549229,-1.0624010375838929e-06,-0.0003525234,0.0003930899,13.579,0.0003930899,10.0568,1.4219,5.1290764e-06,7.104671349999999e-05,10.051999999999998,1.430242424242424,6.476119191919192e-07,6.77609474949495e-05,,,
5,1,stationary,Trial 5 (level 1): grandma sitting still,299,10.045545150501672,10.022,10.062,0.0,1.4338795986622075,1.397,1.463,10.263,1.500983076923077e-06,0.0,6.411346e-05,2.615,7.312821241137123e-05,2.666638e-06,0.0002090003,13.783,-0.0004920598149832777,-0.02934152,0.02934967,0.0,0.02934967,0.0015232157322876258,-0.1086105,0.09475094,15.492,0.1086105,-6.207773868561871e-07,-9.578621e-05,0.0001282259,2.615,0.0001282259,1.856875006688963e-06,-0.0003950586,0.0004422147,13.783,0.0004422147,10.048499999999999,1.4252499999999997,2.8851054e-06,7.24333677e-05,10.039000000000001,1.4420999999999997,1.2822672e-06,7.479664959999999e-05,,,
6,2,walking-slowly,Trial 6 (level 2): grandma walking slowly,300,9.947613333333333,9.765,10.108,12.908,7.854876666666668,0.897,16.469,20.409,0.004622801583533334,3.205668e-05,0.07090961,24.709,1.829588856796667,0.006309659,13.0611,20.709,-0.0021607064166666665,-0.76752,0.4917793,19.509,0.76752,-0.044343978166666694,-40.00389,20.29778,18.809,40.00389,6.575656966666075e-06,-0.1590977,0.1499616,5.306,0.1590977,0.0695550295333334,-31.02538,32.65156,20.709,32.65156,9.95397,6.681360000000001,0.0035810637355999995,1.0497496787000002,9.94438,8.95619,0.004502374419700001,2.4031322599000005,,,
7,2,walking-slowly,Trial 7 (level 2): grandma walking slowly,299,9.95936789297659,9.65,10.086,2.406,7.272481605351171,0.739,18.328,0.904,0.003233020841304348,0.0,0.1177446,0.0,1.348543165541806,0.005593308,26.50046,0.0,-0.0045898043290969895,-1.509104,0.6293567,0.502,1.509104,-0.6384011374581938,-39.40021,22.25177,0.703,39.40021,-0.0037922733134615385,-0.5891331,0.2908596,0.0,0.5891331,-1.753258391100335,-276.1553,20.10648,9.211,276.1553,9.93726,9.00727,0.0063453230914,2.3717162791999997,9.964272727272725,6.201808080808083,0.0016643650115151516,0.7425617085555554,,,
8,2,walking-slowly,Trial 8 (level 2): grandma walking slowly,300,9.94919,9.53,10.044,11.007,6.058816666666667,0.478,32.94,0.0,0.003039838709466667,3.205668e-05,0.1378763,0.502,1.3539016814166664,0.001155333,78.47056,0.101,0.007724002738233333,-0.638454,0.8443098,0.602,0.8443098,-0.6107211311999998,-76.36274,57.90226,0.0,76.36274,-0.0006938940193833335,-0.3388083,0.2648102,0.502,0.3388083,-1.24210529829,-213.3623,102.6338,0.202,213.3623,9.929280000000002,6.154849999999999,0.005491649642500001,2.16724748276,9.94893,5.461839999999999,0.0017637647446999997,1.03412520029,,,
9,2,walking-slowly,Trial 9 (level 2): grandma walking slowly,300,9.9595,9.795,10.092,14.109,5.780823333333333,0.233,12.092,3.604,0.0024460399576999997,0.0,0.02394639,7.606,0.9619913698733334,0.009446999,10.4124,14.009,0.005412078016999999,-0.6527443,0.3621168,3.604,0.6527443,0.11158693863333342,-27.92914,17.7614,14.209,27.92914,0.0001728819149666666,-0.05173962,0.06707847,7.706,0.06707847,-0.017899905283333364,-15.58777,21.29483,14.009,21.29483,9.952629999999997,5.14206,0.0024827986927,0.9498042351299999,9.964989999999998,6.161720000000002,0.0026655228238000005,0.8857557745999999,,,
10,2,walking-slowly,Trial 10 (level 2): grandma walking slowly,300,9.948446666666667,9.806,10.084,29.617,5.743133333333334,0.884,15.488,25.414,0.0022951580758000002,3.205668e-05,0.01907375,1.402,0.8900472588233334,0.009489007,6.579716,7.804,-0.00046783638133333363,-0.5835295,0.3608932,29.617,0.5835295,0.3232865171000001,-28.22102,21.533,29.717,28.22102,0.00012025863990211364,-0.03904518,0.04744407,20.109,0.04744407,0.0615523233566667,-14.60315,10.54228,16.709,14.60315,9.951659999999999,6.025689999999998,0.0025193415206999996,0.9047522296,9.95249,5.4199,0.0024949792515,0.91060832877,,,
11,3,walking-normally,Trial 11 (level 3): grandma walking normally,299,9.961257525083612,9.643,10.275,23.164,11.871046822742475,0.825,28.591,28.991,0.00919022260361204,3.205668e-05,0.08959877,9.33,6.0855619214046826,0.1765221,27.42775,11.538,0.002448129381270897,-1.39701,0.8748741,11.838,1.39701,0.3208384311705684,-65.56662,52.45438,26.478,65.56662,0.0003637231130434784,-0.152943,0.164656,9.33,0.164656,0.02445608036789322,-67.72045,55.65175,11.538,67.72045,9.95334,11.39225,0.0089723727268,5.703183434000001,9.959030303030305,13.385757575757575,0.011905053622222224,8.059834890909093,,,
12,3,walking-normally,Trial 12 (level 3): grandma walking normally,298,9.877221476510067,9.354,10.432,25.194,21.95901677852349,3.504,51.413,26.608,0.037988159697315435,0.0004487936,0.2004831,22.875,26.427014479865772,0.1329621,231.4556,17.232,-0.003186749456375838,-2.658412,1.444147,24.186,2.658412,-0.1956825805369124,-113.1153,81.63412,5.943,113.1153,0.0005367567345637589,-0.3443088,0.4114573,15.819,0.4114573,-0.48074846409395855,-393.4405,432.6216,17.232,432.6216,9.88883,19.81386,0.028125987601999997,22.048245597,9.866919191919191,23.899656565656564,0.05199741270707071,27.19807041919192,,,
13,3,walking-normally,Trial 13 (level 3): grandma walking normally,298,9.829291946308725,9.213,10.621,3.326,23.87810067114094,4.188,52.873,3.427,0.045415872956375836,0.001218157,0.2715211,22.486,21.675325597315435,0.539572,141.6034,3.326,0.004707013859060403,-2.826846,2.687653,24.001,2.826846,-0.3456567805369128,-104.1354,85.47514,14.616,104.1354,-0.00131684544295302,-0.5429975,0.5825449,22.486,0.5825449,-0.8465762449664428,-195.5608,266.8186,3.326,266.8186,9.87003,23.21423,0.03230812008,20.917241699999995,9.811545454545456,22.557858585858586,0.04341591442424243,20.392373989898992,,,
14,3,walking-normally,Trial 14 (level 3): grandma walking normally,298,9.875939597315437,9.542,10.327,6.649,14.629785234899334,1.473,30.64,10.273,0.01808831419422819,3.205668e-05,0.1181293,22.873,10.806617704697986,1.29039,33.74475,15.415,-0.0064953747516778544,-1.905541,1.643334,15.818,1.905541,0.4059630778523486,-70.88044,54.90884,26.095,70.88044,0.0014461815308724844,-0.2676207,0.2407468,17.13,0.2676207,0.05326375258389275,-60.74067,73.72954,0.604,73.72954,9.88513,14.01856,0.0167887830358,10.338934590000001,9.884878787878787,14.218303030303032,0.018295685189898988,10.247522787878788,,,
15,3,walking-normally,Trial 15 (level 3): grandma walking normally,299,9.897933110367893,9.546,10.3,19.631,14.080561872909698,1.092,29.231,17.518,0.014952402212876257,9.617005e-05,0.07773773,1.613,9.440603170568563,1.35183,36.36151,0.201,-0.0038190642173913025,-1.786611,1.474772,19.732,1.786611,-0.04911626538461553,-58.4072,64.58192,17.518,64.58192,-0.00022270128762541733,-0.1739895,0.1866559,6.343,0.1866559,-1.0854319920735789,-133.3933,60.87901,17.417,133.3933,9.86551,14.72437,0.014736194198999998,8.98392045,9.906889999999999,13.474039999999997,0.0147890785705,9.624384730000001,,,
16,4,walking-quickly,Trial 16 (level 4): grandma walking quickly,298,9.968000000000002,9.319,10.609,2.02,20.894523489932883,2.718,44.33,4.945,0.06406732416040269,0.0003205668,0.523263,0.202,55.72534803020134,2.801243,305.7007,12.414,0.001562263563422813,-2.719082,2.771016,24.626,2.771016,0.434001260738255,-92.62855,87.19074,4.945,92.62855,0.0007224909010067103,-1.02239,1.128219,0.202,1.128219,0.8909181375838907,-610.719,576.4865,12.414,610.719,10.016979999999997,22.325169999999993,0.10031242187,70.45803985,9.937979797979798,21.34830303030303,0.04951413901818182,51.246723232323234,,,
17,4,walking-quickly,Trial 17 (level 4): grandma walking quickly,298,9.964087248322146,8.876,10.924,9.489,23.409177852348993,2.909,47.42,6.057,0.055788394044630873,0.0005770203,0.2709761,16.651,56.15522406040269,3.562991,233.7346,23.821,-0.007679402046979858,-5.298243,3.626784,10.8,5.298243,0.1991748629194629,-99.51447,106.224,6.057,106.224,0.0006704291761744948,-0.3792861,0.3882362,16.651,0.3882362,0.8399626033557047,-586.1976,535.079,23.821,586.1976,9.95608,22.45802,0.04134011620999999,48.476572899999994,9.933373737373739,24.31243434343434,0.06047400051818183,60.97516378787879,,,
18,4,walking-quickly,Trial 18 (level 4): grandma walking quickly,297,9.96439393939394,9.398,10.656,25.328,25.44780134680135,2.799,63.264,28.964,0.05019705289057239,0.0009617005,0.2421251,28.257,75.03990390202019,0.6801049,556.7411,28.156,-0.008000167979797985,-3.128263,2.65227,28.459,3.128263,1.5039449271717171,-133.7954,121.0528,29.065,133.7954,0.003621376813468012,-0.3762386,0.4497474,0.605,0.4497474,1.7600257707070706,-1251.782,1200.03,29.469,1251.782,9.972529999999999,23.1369,0.045501420155,54.56877484900001,9.954091836734694,29.799020408163265,0.05699370252040816,106.85092210204081,,,
19,4,walking-quickly,Trial 19 (level 4): grandma walking quickly,298,9.929107382550335,9.414,10.365,10.293,20.514013422818792,2.666,48.629,25.325,0.038362185334496646,3.205668e-05,0.1640668,29.363,55.0398129295302,2.41558,238.5464,26.84,-0.007558053687919457,-2.294864,1.93999,2.118,2.294864,-0.04753339395973181,-102.9813,96.6793,25.426,102.9813,0.001079539130872483,-0.2659764,0.2818462,5.648,0.2818462,1.3415478201342268,-481.8669,439.0203,22.803,481.8669,9.93474,19.26276,0.044647736686799985,51.64460272999999,9.896424242424242,22.753,0.03631969205050505,63.062821949494946,,,
20,4,walking-quickly,Trial 20 (level 4): grandma walking quickly,298,9.88893288590604,9.208,10.444,28.356,23.5960033557047,3.716,45.466,0.804,0.04677882731140939,0.0009296438,0.3099891,29.264,58.95495569781878,0.09903675,334.1525,8.375,-0.0015535987248322261,-3.144842,2.882075,29.667,3.144842,0.3814286721140936,-87.86546,109.4143,0.804,109.4143,0.0007209207701342284,-0.5390717,0.650086,29.264,0.650086,0.8278685201342291,-697.7266,656.1693,8.375,697.7266,9.88814,25.182409999999994,0.037470546658,61.20605545949999,9.87469696969697,22.646212121212123,0.055324847767676766,58.90571232323232,,,
21,5,walking-normally-fall,Trial 21 (level 5) : grandma walks normally then falls. stays stationary after,299,9.819732441471572,4.678,12.306,12.13,8.279568561872908,0.791,72.25,12.332,0.22576753433662208,0.0,15.2683,12.332,44.062325990753045,5.666719e-06,1970.943,12.836,0.004776143576561846,-16.00047,13.83333,13.339,16.00047,-0.32010274119983284,-61.01661,191.7139,12.03,191.7139,8.612366150664823e-05,-21.43037,19.31438,12.332,21.43037,-0.16161801833658862,-3882.004,3294.752,12.231,3882.004,9.8783,10.013790000000002,0.010329018629,5.125897966,10.034727272727272,1.4369191919191922,6.47610808080808e-07,7.138722485858587e-05,11.828,14.045,16.0
22,5,walking-normally-fall,Trial 22 (level 5) : grandma walks normally then falls. stays stationary after,299,9.878214046822743,6.141,13.509,14.188,14.073147157190636,1.41,186.343,14.39,0.22220280970558526,0.0,14.66166,14.996,68.45028558686307,8.999987e-06,3087.071,14.289,0.0071975341030100035,-16.92833,13.8963,15.198,16.92833,-0.6598855700712379,-341.0914,367.9531,14.39,367.9531,-0.00024522432326789,-30.05651,28.22274,14.996,30.05651,-0.2260917247791519,-7242.603,7721.391,14.289,7721.391,9.944979999999997,14.782639999999999,0.016444815172999998,9.9701436848,10.044717171717169,1.4449393939393942,2.26663595959596e-06,7.788891976767677e-05,14.087,17.419,19.0
23,5,walking-normally-fall,Trial 23 (level 5) : grandma walks normally then falls. stays stationary after,299,9.97643143812709,5.016,16.509,12.287,10.782916387959867,1.417,151.052,12.387,0.37670228900521735,0.0,34.90876,12.487,75.66230906632155,2.033343e-05,7356.093,12.588,0.0059522269051505,-17.55744,15.1884,12.89,17.55744,-0.3988094051615383,-218.429,315.8036,12.487,315.8036,-0.001178084976404012,-70.84189,80.85602,12.487,80.85602,-0.38896571731358115,-14057.13,13107.07,12.387,14057.13,9.973740000000001,15.312640000000002,0.019629974113000003,11.093708203,10.040636363636365,1.4493434343434342,4.209468373737374e-05,0.00010796296767676769,12.085,13.594,14.0
24,5,walking-normally-fall,Trial 24 (level 5) : grandma walks normally then falls. stays stationary after,299,9.922628762541805,5.437,15.433,13.9,11.262451505016722,1.421,117.677,14.705,0.3256328865415719,0.0,27.40968,14.0,64.113781679075,5.333355e-06,5061.845,14.604,-0.0013144373689966326,-24.08908,12.98207,13.9,24.08908,-0.24745216079230792,-196.0259,150.3637,14.705,196.0259,-0.000266802520694764,-62.93709,63.60534,14.0,63.60534,0.07547583150817232,-10194.91,6251.952,13.9,10194.91,9.98922,15.496280000000002,0.024756497252999995,10.698738274,10.042939393939395,1.4503939393939393,1.554268383838384e-05,0.0001630437250505051,13.699,14.907,12.0
25,5,walking-normally-fall,Trial 25 (level 5) : grandma walks normally then falls. stays stationary after,299,9.98479264214047,6.305,15.356,13.798,11.238785953177258,1.43,119.288,13.898,0.3181108094590969,0.0,27.63581,13.998,80.91083201557696,8.000191e-06,6818.385,14.499,0.009229311872509373,-14.26138,15.19947,14.399,15.19947,-0.5764136568421405,-122.2736,207.8928,13.898,207.8928,-0.002081639424107857,-59.52168,69.23879,13.998,69.23879,-0.5320996906033008,-13441.92,8006.166,13.898,13441.92,9.93699,15.47332,0.025913751374,10.3596780149,10.037353535353535,1.4581818181818182,5.5046998989899e-06,0.00012469701192929295,13.697,14.801,11.0
