session_id,level,kind,start_after_peak_s,end_after_peak_s,center_after_peak_s,samples,accel_magnitude_mps2_mean,gyro_magnitude_dps_mean,accel_msd_mean,gyro_msd_mean
21,5,fall_simulation,-5,-4,-4.5,10,9.903400000000001,8.205400000000001,0.0061933673000000005,2.8599295099999997
21,5,fall_simulation,-4,-3,-3.5,10,9.839400000000001,7.1099000000000006,0.00447832991,2.59314857
21,5,fall_simulation,-3,-2,-2.5,10,9.8893,9.4568,0.007722488339999998,4.043665580000001
21,5,fall_simulation,-2,-1,-1.5,10,9.9016,10.949900000000001,0.004491158219999999,1.93642891
21,5,fall_simulation,-1,0,-0.5,9,10.130555555555555,30.792333333333332,1.6432705039222222,419.5983562222222
21,5,fall_simulation,0,1,0.5,10,7.7737,50.032399999999996,4.75864518,731.328689
21,5,fall_simulation,1,2,1.5,10,8.1587,26.5771,0.373291776,139.2898563
21,5,fall_simulation,2,3,2.5,10,9.4322,9.855999999999998,0.03001157459,13.510706859999999
21,5,fall_simulation,3,4,3.5,10,10.0086,1.3724,0.00010899278999999999,0.04206426
21,5,fall_simulation,4,5,4.5,10,10.042,1.4052,3.205679e-06,0.000184566876
21,5,fall_simulation,5,6,5.5,10,10.042,1.4244999999999999,3.205679e-06,6.9699895e-05
21,5,fall_simulation,6,7,6.5,10,10.042,1.4367999999999999,0.0,7.556661999999999e-05
21,5,fall_simulation,7,8,7.5,10,10.042,1.4331,3.205679e-06,6.4433264e-05
21,5,fall_simulation,8,9,8.5,10,10.042,1.4484,0.0,6.30667114e-05
21,5,fall_simulation,9,10,9.5,10,10.042,1.4266999999999999,0.0,7.71999547e-05
22,5,fall_simulation,-5,-4,-4.5,10,10.018699999999999,12.033100000000001,0.00788275959,5.4453632800000005
22,5,fall_simulation,-4,-3,-3.5,10,10.0417,11.1067,0.016490024399999997,7.964685200000001
22,5,fall_simulation,-3,-2,-2.5,10,9.9469,12.6458,0.0115981468,3.11296186
22,5,fall_simulation,-2,-1,-1.5,10,10.0026,15.880899999999997,0.031854840499999995,17.3578554
22,5,fall_simulation,-1,0,-0.5,9,9.07911111111111,86.34722222222223,3.598667455555556,1336.7408666666665
22,5,fall_simulation,0,1,0.5,10,8.776,31.3624,2.329112363,189.0947872
22,5,fall_simulation,1,2,1.5,10,9.451899999999998,42.2565,0.435754355,138.59220929999998
22,5,fall_simulation,2,3,2.5,10,9.123800000000001,49.1658,0.404130341,381.3468478
22,5,fall_simulation,3,4,3.5,10,9.893,4.8032,0.0037538501210000004,0.9767097919999997
22,5,fall_simulation,4,5,4.5,10,10.035,1.5444999999999998,1.602836e-05,0.00312176695
22,5,fall_simulation,5,6,5.5,10,10.043000000000001,1.4294,6.411356e-06,9.390013199999999e-05
22,5,fall_simulation,6,7,6.5,10,10.043000000000001,1.4583,0.0,7.5600067e-05
22,5,fall_simulation,7,8,7.5,10,10.038,1.4447999999999999,6.411336e-06,9.36998e-05
22,5,fall_simulation,8,9,8.5,10,10.023,1.4417,0.0,7.1899997e-05
22,5,fall_simulation,9,10,9.5,10,10.039000000000001,1.4449999999999998,6.411336e-06,9.730000000000001e-05
23,5,fall_simulation,-5,-4,-4.5,10,9.947700000000001,17.7198,0.02659431512,8.9221094
23,5,fall_simulation,-4,-3,-3.5,10,10.046999999999999,19.1861,0.0204105748,10.034858
23,5,fall_simulation,-3,-2,-2.5,10,9.9986,13.430299999999999,0.0144575902,10.8122828
23,5,fall_simulation,-2,-1,-1.5,10,9.9635,15.005999999999997,0.013851735100000002,12.37425771
23,5,fall_simulation,-1,0,-0.5,9,11.190999999999999,49.69955555555556,3.7573236606666662,943.9703776222221
23,5,fall_simulation,0,1,0.5,10,9.3455,57.227,7.46831303,1269.828848
23,5,fall_simulation,1,2,1.5,10,8.633199999999999,21.9181,0.1988514841,17.90545284
23,5,fall_simulation,2,3,2.5,10,9.9429,2.5918,0.0008463025859999999,0.0782563429
23,5,fall_simulation,3,4,3.5,10,10.023,1.5027,3.205678e-06,0.000431300409
23,5,fall_simulation,4,5,4.5,10,10.0293,1.4393,3.205668e-06,8.0900044e-05
23,5,fall_simulation,5,6,5.5,10,10.036,1.45,6.411346000000001e-06,8.336646e-05
23,5,fall_simulation,6,7,6.5,10,10.042,1.4368,0.0,9.659992e-05
23,5,fall_simulation,7,8,7.5,10,10.042,1.4311,0.0,7.573316499999999e-05
23,5,fall_simulation,8,9,8.5,10,10.042,1.4475000000000002,0.0,7.499998200000001e-05
23,5,fall_simulation,9,10,9.5,10,10.042,1.4566000000000001,0.0,8.1533288e-05
24,5,fall_simulation,-5,-4,-4.5,10,10.015199999999998,18.505399999999998,0.038641256490000005,9.16604587
24,5,fall_simulation,-4,-3,-3.5,10,9.969,13.7768,0.008020607780000001,10.06590634
24,5,fall_simulation,-3,-2,-2.5,10,10.0158,10.6644,0.01390623385,5.6619869
24,5,fall_simulation,-2,-1,-1.5,10,9.9501,16.960900000000002,0.027539981399999997,13.777381699999998
24,5,fall_simulation,-1,0,-0.5,9,10.747444444444445,30.655444444444445,2.4093379411111107,436.59970496666665
24,5,fall_simulation,0,1,0.5,10,7.5018,71.9258,7.192201370000001,1367.21063
24,5,fall_simulation,1,2,1.5,10,9.204199999999998,19.602600000000002,0.07832117209999999,20.290872320000002
24,5,fall_simulation,2,3,2.5,10,9.9708,2.3412,0.000288510627,0.0661572016
24,5,fall_simulation,3,4,3.5,10,10.022,1.5093,6.4113479999999996e-06,0.00022833324170000005
24,5,fall_simulation,4,5,4.5,10,10.026599999999998,1.4623000000000002,6.411346000000001e-06,8.259996450000001e-05
24,5,fall_simulation,5,6,5.5,10,10.0321,1.4503000000000001,9.617042e-06,9.0499952e-05
24,5,fall_simulation,6,7,6.5,10,10.0393,1.4436,0.000118610138,0.000108299659
24,5,fall_simulation,7,8,7.5,10,10.051999999999998,1.45,3.205678e-06,7.7633313e-05
24,5,fall_simulation,8,9,8.5,10,10.043000000000001,1.4529,3.205668e-06,8.296654e-05
24,5,fall_simulation,9,10,9.5,10,10.042,1.4583999999999997,3.205678e-06,6.3733171e-05
25,5,fall_simulation,-5,-4,-4.5,10,9.976600000000001,15.031299999999998,0.0100465902,5.79551486
25,5,fall_simulation,-4,-3,-3.5,10,9.8751,11.2747,0.021404327940000002,9.580997919999998
25,5,fall_simulation,-3,-2,-2.5,10,10.000499999999999,12.1683,0.00841170557,6.7118169
25,5,fall_simulation,-2,-1,-1.5,10,9.806700000000001,15.504300000000004,0.0474183945,15.28619516
25,5,fall_simulation,-1,0,-0.5,9,10.632666666666665,46.02022222222222,4.354804479555556,797.9866456222222
25,5,fall_simulation,0,1,0.5,10,9.764599999999998,67.1288,5.20711013,1557.9125099999999
25,5,fall_simulation,1,2,1.5,10,9.6473,12.839000000000002,0.048460262399999995,7.93237785
25,5,fall_simulation,2,3,2.5,10,10.0128,2.0235999999999996,0.00016990080400000002,0.023650559800000002
25,5,fall_simulation,3,4,3.5,10,10.041,1.468,1.9234065e-05,0.000163033353
25,5,fall_simulation,4,5,4.5,10,10.042,1.4456000000000002,3.205679e-06,7.4766587e-05
25,5,fall_simulation,5,6,5.5,10,10.042,1.4552,0.0,8.1966633e-05
25,5,fall_simulation,6,7,6.5,10,10.042,1.4541,0.0,5.9433278e-05
25,5,fall_simulation,7,8,7.5,10,10.042,1.4443,6.411358e-06,9.71334e-05
25,5,fall_simulation,8,9,8.5,10,10.038,1.4566,3.205668e-06,6.456673399999999e-05
25,5,fall_simulation,9,10,9.5,10,10.032,1.451,0.0,8.830005300000001e-05
26,6,fall_simulation,-5,-4,-4.5,10,10.080299999999998,18.0311,0.07781465200000001,28.7859906
26,6,fall_simulation,-4,-3,-3.5,10,10.020499999999998,13.631099999999998,0.08203971909999999,29.887017000000004
26,6,fall_simulation,-3,-2,-2.5,10,10.0099,15.150099999999998,0.098786179,30.7760647
26,6,fall_simulation,-2,-1,-1.5,10,10.112599999999999,17.809500000000003,0.09584337899999999,30.2275744
26,6,fall_simulation,-1,0,-0.5,9,10.840666666666667,43.919666666666664,4.980764208888889,809.3798099999999
26,6,fall_simulation,0,1,0.5,10,7.2101,69.7157,5.31159914,1280.090196
26,6,fall_simulation,1,2,1.5,10,9.5068,10.7745,0.02427018751,5.193174789999999
26,6,fall_simulation,2,3,2.5,10,10.001199999999999,1.9780000000000002,8.9758812e-05,0.016457236539999996
26,6,fall_simulation,3,4,3.5,10,10.030199999999999,1.4766,3.205668e-06,0.0001395335134
26,6,fall_simulation,4,5,4.5,10,10.032,1.4502000000000002,3.205679e-06,7.6199948e-05
26,6,fall_simulation,5,6,5.5,10,10.032,1.4450000000000003,0.0,6.5866768e-05
26,6,fall_simulation,6,7,6.5,10,10.032,1.4661,0.0,5.1499970499999994e-05
26,6,fall_simulation,7,8,7.5,10,10.032,1.4603,0.0,7.980000509999999e-05
26,6,fall_simulation,8,9,8.5,10,10.039,1.4504,3.205668e-06,5.15665523e-05
26,6,fall_simulation,9,10,9.5,10,10.042,1.4571,0.0,4.24000058e-05
27,6,fall_simulation,-5,-4,-4.5,10,9.9655,21.058,0.0354612249,38.8787782
27,6,fall_simulation,-4,-3,-3.5,10,9.923399999999999,17.1411,0.0318099281,38.8849286
27,6,fall_simulation,-3,-2,-2.5,10,10.1167,21.7687,0.025725575,31.065617400000008
27,6,fall_simulation,-2,-1,-1.5,10,9.953100000000001,17.4901,0.023856659299999996,39.7934279
27,6,fall_simulation,-1,0,-0.5,9,10.515333333333334,36.19533333333334,3.561434432777778,529.0624303333334
27,6,fall_simulation,0,1,0.5,10,9.5896,42.2899,5.55429072108,732.2284900000001
27,6,fall_simulation,1,2,1.5,10,9.841299999999999,27.7906,0.095878663,18.7882266
27,6,fall_simulation,2,3,2.5,10,9.7464,16.9003,0.0599942962,40.10101409
27,6,fall_simulation,3,4,3.5,10,10.0175,2.4925,0.000195546345,0.1116420068
27,6,fall_simulation,4,5,4.5,10,10.042,1.4899,0.0,0.00039743365
27,6,fall_simulation,5,6,5.5,10,10.042,1.4460000000000002,0.0,8.426653300000001e-05
27,6,fall_simulation,6,7,6.5,10,10.042,1.4468999999999999,3.205679e-06,9.0666675e-05
27,6,fall_simulation,7,8,7.5,10,10.050999999999998,1.4462,9.617027e-06,7.983329899999999e-05
27,6,fall_simulation,8,9,8.5,10,10.056999999999999,1.4455,8.9759015e-05,0.00019863335
27,6,fall_simulation,9,10,9.5,10,10.054999999999998,1.441,0.00011219876799999999,0.000203466525
28,6,fall_simulation,-5,-4,-4.5,10,9.9643,21.782,0.104469853,70.76699040000001
28,6,fall_simulation,-4,-3,-3.5,10,9.953,16.508100000000002,0.061616363900000005,47.8657988
28,6,fall_simulation,-3,-2,-2.5,10,9.947700000000001,20.8647,0.11596866000000002,63.2266879
28,6,fall_simulation,-2,-1,-1.5,10,9.8993,21.9714,0.095231117,65.80555441999999
28,6,fall_simulation,-1,0,-0.5,9,10.56188888888889,38.596222222222224,4.491007954444445,867.47301
28,6,fall_simulation,0,1,0.5,10,8.056199999999999,62.617,4.85151031,899.5433750000002
28,6,fall_simulation,1,2,1.5,10,8.169599999999999,61.39640000000001,0.329348288,104.58523439999999
28,6,fall_simulation,2,3,2.5,10,9.9011,5.1915,0.002141393982,0.8722987049999998
28,6,fall_simulation,3,4,3.5,10,10.0366,1.6489999999999998,2.2439732000000002e-05,0.00275900136
28,6,fall_simulation,4,5,4.5,10,10.042,1.4689999999999999,0.0,9.3766704e-05
28,6,fall_simulation,5,6,5.5,10,10.042,1.4650999999999998,0.0,5.559997600000002e-05
28,6,fall_simulation,6,7,6.5,10,10.042,1.4568999999999999,0.0,8.45667e-05
28,6,fall_simulation,7,8,7.5,10,10.042,1.4691,0.0,5.873337600000001e-05
28,6,fall_simulation,8,9,8.5,10,10.042,1.4753,0.0,4.9366692100000006e-05
28,6,fall_simulation,9,10,9.5,10,10.042,1.4668,0.0,7.1066622e-05
29,6,fall_simulation,-5,-4,-4.5,10,10.024199999999999,25.3745,0.065443941,63.830605000000006
29,6,fall_simulation,-4,-3,-3.5,10,9.9504,21.0373,0.0460175298,66.270771
29,6,fall_simulation,-3,-2,-2.5,10,9.9572,22.669,0.0521211589,34.5839298
29,6,fall_simulation,-2,-1,-1.5,10,10.0033,18.294999999999998,0.029832044199999998,47.193201900000005
29,6,fall_simulation,-1,0,-0.5,9,10.663888888888888,37.58144444444444,2.365281782222222,621.7104111111112
29,6,fall_simulation,0,1,0.5,10,7.822000000000001,56.023700000000005,4.939711276999999,731.2928100000001
29,6,fall_simulation,1,2,1.5,10,9.2722,42.8845,0.295204607,154.953107
29,6,fall_simulation,2,3,2.5,10,9.6371,12.560699999999999,0.0729099595,7.46549355
29,6,fall_simulation,3,4,3.5,10,10.0197,2.0524999999999998,0.00019234060200000003,0.02331579708
29,6,fall_simulation,4,5,4.5,10,10.042,1.4922,3.205679e-06,0.00015959987799999998
29,6,fall_simulation,5,6,5.5,10,10.042,1.4593,0.0,6.103330400000001e-05
29,6,fall_simulation,6,7,6.5,10,10.048999999999998,1.4602999999999997,6.411346999999999e-06,7.9899912e-05
29,6,fall_simulation,7,8,7.5,10,10.050999999999998,1.9937999999999998,0.000189135065,0.7240948999110001
29,6,fall_simulation,8,9,8.5,10,10.057199999999998,19.637999999999998,0.006937089929999999,4.7554973178
29,6,fall_simulation,9,10,9.5,10,10.046000000000001,10.6077,0.000169900972,6.007135159999999
30,6,fall_simulation,-5,-4,-4.5,10,9.8788,21.064600000000002,0.0597025332,64.4273596
30,6,fall_simulation,-4,-3,-3.5,10,10.0167,23.302799999999998,0.061465709,33.9959091
30,6,fall_simulation,-3,-2,-2.5,10,9.9173,18.8251,0.038804721599999994,51.693391299999995
30,6,fall_simulation,-2,-1,-1.5,10,9.6936,22.5262,0.0548363249,41.4389977
30,6,fall_simulation,-1,0,-0.5,9,10.488,33.68888888888889,3.2327029844444444,616.1170711111112
30,6,fall_simulation,0,1,0.5,10,8.5917,38.03779999999999,4.5998353633,544.8276720000001
30,6,fall_simulation,1,2,1.5,10,9.479099999999999,38.5313,0.1506220499,112.257909
30,6,fall_simulation,2,3,2.5,10,9.995700000000001,3.6024000000000003,0.000775773737,0.2938349713
30,6,fall_simulation,3,4,3.5,10,10.03,1.5823,3.205668e-06,0.0009347668499999999
30,6,fall_simulation,4,5,4.5,10,10.042,1.475,3.205668e-06,5.7933333e-05
30,6,fall_simulation,5,6,5.5,10,10.047999999999998,1.4716,6.411346999999999e-06,0.00010556663599999999
30,6,fall_simulation,6,7,6.5,10,10.0322,1.4708,6.7319042e-05,7.37334404e-05
30,6,fall_simulation,7,8,7.5,10,10.041,1.4710999999999999,3.205668e-06,5.973330199999999e-05
30,6,fall_simulation,8,9,8.5,10,10.044,1.4537,3.205668e-06,7.603330900000001e-05
30,6,fall_simulation,9,10,9.5,10,10.051999999999998,1.4716,0.0,5.263331299999999e-05
31,7,near_fall_simulation,-5,-4,-4.5,10,9.8963,20.0244,0.0483961375,59.118893400000005
31,7,near_fall_simulation,-4,-3,-3.5,10,9.896799999999999,24.0563,0.046581724,43.4008331
31,7,near_fall_simulation,-3,-2,-2.5,10,9.8703,20.2295,0.048210209,48.9086582
31,7,near_fall_simulation,-2,-1,-1.5,10,9.871199999999998,23.4361,0.07516038500000001,77.586061
31,7,near_fall_simulation,-1,0,-0.5,9,10.613777777777779,36.251444444444445,1.0258529377777779,327.95661888888884
31,7,near_fall_simulation,0,1,0.5,10,8.220400000000001,42.9055,3.6674768899999997,725.343391
31,7,near_fall_simulation,1,2,1.5,10,9.7937,35.496700000000004,0.14895508899999998,100.949816
31,7,near_fall_simulation,2,3,2.5,10,9.977599999999999,33.5307,0.569200452,161.204756
31,7,near_fall_simulation,3,4,3.5,10,9.7594,24.827099999999998,0.0873098944,99.285727
31,7,near_fall_simulation,4,5,4.5,10,9.851299999999998,19.493000000000002,0.046671476,32.03998282
31,7,near_fall_simulation,5,6,5.5,10,9.868699999999999,13.897499999999999,0.0231257785,24.0198468
31,7,near_fall_simulation,6,7,6.5,10,9.864900000000002,11.9454,0.022096738699999997,20.6328171
31,7,near_fall_simulation,7,8,7.5,10,9.941500000000001,13.420700000000002,0.0234335148,12.37462779
31,7,near_fall_simulation,8,9,8.5,10,10.0416,15.773599999999998,0.0210901713,33.884794899999996
31,7,near_fall_simulation,9,10,9.5,10,9.8696,15.482400000000002,0.03853864504,32.453175
32,7,near_fall_simulation,-5,-4,-4.5,10,9.9401,6.7949,0.0058920447,4.076303940000001
32,7,near_fall_simulation,-4,-3,-3.5,10,9.892800000000001,14.112,0.0120597661,7.902695200000001
32,7,near_fall_simulation,-3,-2,-2.5,10,10.052699999999998,25.318400000000004,0.11592050390000001,93.11970770999999
32,7,near_fall_simulation,-2,-1,-1.5,10,9.100200000000001,51.38439999999999,4.403648,773.8262200000001
32,7,near_fall_simulation,-1,0,-0.5,9,9.709333333333333,46.37255555555555,1.4787013999999998,526.8005522222223
32,7,near_fall_simulation,0,1,0.5,10,8.5708,42.2049,2.069099607,352.88330310000003
32,7,near_fall_simulation,1,2,1.5,10,9.986099999999999,10.3979,0.00795329554,5.02436173
32,7,near_fall_simulation,2,3,2.5,10,9.8547,15.079199999999997,0.015438547399999999,11.24286118
32,7,near_fall_simulation,3,4,3.5,10,9.9457,15.310300000000002,0.01189949501,6.2950726800000005
32,7,near_fall_simulation,4,5,4.5,10,9.962799999999998,13.544599999999999,0.015284683099999998,3.8040996
32,7,near_fall_simulation,5,6,5.5,10,9.848899999999999,10.5883,0.00879958724,3.9370806699999994
32,7,near_fall_simulation,6,7,6.5,10,10.0081,9.9816,0.0057349617,1.41409202
32,7,near_fall_simulation,7,8,7.5,10,9.9944,8.5795,0.008491846628,2.29020351
32,7,near_fall_simulation,8,9,8.5,10,9.866499999999998,9.9226,0.0104665438,5.40084064
32,7,near_fall_simulation,9,10,9.5,10,9.9786,8.9627,0.006728729704999999,2.15944973
33,7,near_fall_simulation,-5,-4,-4.5,10,10.0071,22.491200000000003,0.08338933600000001,67.025428
33,7,near_fall_simulation,-4,-3,-3.5,10,10.0784,29.035800000000002,0.09177539799999998,65.000653
33,7,near_fall_simulation,-3,-2,-2.5,10,9.9968,22.8347,0.059333892199999995,71.030524
33,7,near_fall_simulation,-2,-1,-1.5,10,9.734100000000002,24.5073,0.083857375,70.077646
33,7,near_fall_simulation,-1,0,-0.5,9,10.567,37.98133333333334,1.0538812555555555,330.9500211111111
33,7,near_fall_simulation,0,1,0.5,10,7.2783,43.43920000000001,5.3113071199999995,708.4920559999999
33,7,near_fall_simulation,1,2,1.5,10,10.1167,27.1067,0.067646237,40.4799289
33,7,near_fall_simulation,2,3,2.5,10,9.9265,12.391,0.01971174443,13.53543685
33,7,near_fall_simulation,3,4,3.5,10,9.969999999999999,27.025800000000004,0.04046849610000001,32.6976498
33,7,near_fall_simulation,4,5,4.5,10,9.775099999999998,23.555799999999998,0.04052939169999999,26.8061874
33,7,near_fall_simulation,5,6,5.5,10,9.8734,16.5347,0.0336500317,14.9660113
33,7,near_fall_simulation,6,7,6.5,10,9.8507,21.9409,0.037413494000000005,24.1813322
33,7,near_fall_simulation,7,8,7.5,10,9.9216,18.1673,0.02519341,14.7468084
33,7,near_fall_simulation,8,9,8.5,10,9.830499999999999,21.1031,0.049123824999999996,20.937614399999998
33,7,near_fall_simulation,9,10,9.5,10,9.9378,20.8463,0.036769157000000004,14.021169599999999
34,7,near_fall_simulation,-5,-4,-4.5,10,9.8489,12.819700000000001,0.0321241136,13.438445300000001
34,7,near_fall_simulation,-4,-3,-3.5,10,9.8771,9.9134,0.0112647625,8.138160700000002
34,7,near_fall_simulation,-3,-2,-2.5,10,9.8777,11.0906,0.01490961348,8.615837500000001
34,7,near_fall_simulation,-2,-1,-1.5,10,9.8758,11.563600000000001,0.024202871,11.0662705
34,7,near_fall_simulation,-1,0,-0.5,9,10.52511111111111,34.20433333333333,1.9531741438888888,466.31760444444444
34,7,near_fall_simulation,0,1,0.5,10,7.167499999999999,53.6991,4.71400309,823.737624
34,7,near_fall_simulation,1,2,1.5,10,9.888300000000001,22.8777,0.0479537589,27.291362
34,7,near_fall_simulation,2,3,2.5,10,9.7689,16.712699999999998,0.0171824398,9.6146197
34,7,near_fall_simulation,3,4,3.5,10,9.855100000000002,13.518300000000002,0.026235300200000006,20.191479000000005
34,7,near_fall_simulation,4,5,4.5,10,10.0104,14.0003,0.021853129500000002,13.6905308
34,7,near_fall_simulation,5,6,5.5,10,9.7986,11.0929,0.042504101,15.3570241
34,7,near_fall_simulation,6,7,6.5,10,9.89,12.8888,0.06794113399999999,18.474349800000002
34,7,near_fall_simulation,7,8,7.5,10,9.9542,11.330400000000001,0.0491815279,17.821654100000003
34,7,near_fall_simulation,8,9,8.5,10,9.887899999999998,11.3168,0.056112221,20.978793000000003
34,7,near_fall_simulation,9,10,9.5,10,9.8827,15.3994,0.0648989908,26.2733501
35,7,near_fall_simulation,-5,-4,-4.5,10,9.888399999999999,16.0761,0.025084441899999997,16.365593599999997
35,7,near_fall_simulation,-4,-3,-3.5,10,10.0514,16.7881,0.0095978178,14.9170902
35,7,near_fall_simulation,-3,-2,-2.5,10,9.911599999999998,17.2495,0.022885342868,15.495587999999998
35,7,near_fall_simulation,-2,-1,-1.5,10,9.493400000000001,61.1654,7.5703113129999995,1382.064566
35,7,near_fall_simulation,-1,0,-0.5,9,8.606222222222222,60.413666666666664,3.3121400544444444,819.2283777777777
35,7,near_fall_simulation,0,1,0.5,10,8.211,36.3172,5.4286073109999995,813.3011343999999
35,7,near_fall_simulation,1,2,1.5,10,9.7991,20.2426,0.05212437909999999,27.770725000000006
35,7,near_fall_simulation,2,3,2.5,10,9.9997,18.0627,0.018365343099999997,17.3763439
35,7,near_fall_simulation,3,4,3.5,10,9.851999999999999,14.9112,0.0388495922,14.885281299999999
35,7,near_fall_simulation,4,5,4.5,10,9.923300000000001,21.3351,0.053451490000000004,29.013698999999995
35,7,near_fall_simulation,5,6,5.5,10,9.8423,16.5977,0.0265494333,20.7177566
35,7,near_fall_simulation,6,7,6.5,10,9.9159,12.608799999999999,0.0256069738,17.5144143
35,7,near_fall_simulation,7,8,7.5,10,9.964599999999999,15.638,0.007841098837,7.344626099999999
35,7,near_fall_simulation,8,9,8.5,10,9.944300000000002,17.785800000000002,0.030816176600000002,15.3350579
35,7,near_fall_simulation,9,10,9.5,10,9.883300000000002,16.5092,0.019198797200000003,14.093439
